frame_id,time_s,bbox_interpolated,status,u,v,left,right,top,bottom,valid_points,used_points,original_x1,original_y1,original_x2,original_y2,bbox_x1,bbox_y1,bbox_x2,bbox_y2,raw_X_m,raw_Y_m,raw_Z_m,filtered_X_m,filtered_Y_m,filtered_Z_m,raw_ego_x_m,raw_ego_y_m,ego_x_m,ego_y_m
0,0.0,False,ok,388,470,383,394,465,476,121,121,378.0,446.0,398.0,494.0,378.0,446.0,398.0,494.0,35.97802734375,15.475836753845215,3.810872793197632,35.97802734375,15.475836753845215,3.810872793197632,-39.16529043399639,-9.08484446423771e-16,-39.16529043399639,-9.08484446423771e-16
1,0.03333333333333333,False,ok,388,470,383,394,465,476,117,110,377.0,446.0,398.0,495.0,377.0,446.0,398.0,495.0,35.256919860839844,15.147212982177734,3.727877140045166,35.586753368377686,15.32210910320282,3.7594090402126312,-38.37301359300178,0.01694085114683997,-38.74511405771061,-0.013391310131386395
2,0.06666666666666667,False,ok,386,470,381,392,465,476,121,110,375.0,445.0,397.0,495.0,375.0,445.0,397.0,495.0,35.53085708618164,15.300148010253906,3.7520570755004883,35.75444221496582,15.38799238204956,3.78146493434906,-38.68508886109836,-0.015304354435869782,-38.92518964754737,-0.0076521772179344565
3,0.1,True,outlier,384,469,379,390,464,475,121,118,0.0,0.0,0.0,0.0,373.25,444.0,395.25,494.75,36.670257568359375,15.851432800292969,3.910618543624878,,,,-39.9496007431756,-0.07150113904781859,,
4,0.13333333333333333,True,ok,382,469,377,388,464,475,121,121,0.0,0.0,0.0,0.0,371.5,443.0,393.5,494.5,36.00619888305664,15.604039192199707,3.850109577178955,35.76852798461914,15.452093601226807,3.8010833263397217,-39.24182749999774,-0.10663760291214339,-38.96345818054805,-0.0609709786740057
5,0.16666666666666666,True,outlier,381,468,376,387,463,474,121,119,0.0,0.0,0.0,0.0,369.75,442.0,391.75,494.25,34.205528259277344,14.883374214172363,3.6774396896362305,,,,-37.30293033743086,-0.15614011685799575,,
6,0.2,False,outlier,379,468,374,385,463,474,121,118,368.0,441.0,390.0,494.0,368.0,441.0,390.0,494.0,34.71654510498047,15.114789962768555,3.7052268981933594,,,,-37.86380273622966,-0.1667992705008162,,
7,0.23333333333333334,False,ok,378,467,373,384,462,473,121,121,368.0,441.0,389.0,493.0,368.0,441.0,389.0,493.0,34.576202392578125,15.086188316345215,3.7057852745056152,34.576202392578125,15.086188316345215,3.7057852745056152,-37.72357938299036,-0.19598046836685462,-37.72357938299036,-0.19598046836685462
8,0.26666666666666666,False,outlier,377,467,372,383,462,473,121,119,366.0,441.0,388.0,493.0,366.0,441.0,388.0,493.0,36.113372802734375,15.846017837524414,3.894503355026245,,,,-39.43589546531702,-0.28657519956472216,,
9,0.3,False,outlier,376,468,371,382,463,474,119,111,365.0,441.0,387.0,494.0,365.0,441.0,387.0,494.0,36.0104866027832,15.822722434997559,3.845564603805542,,,,-39.33217713930066,-0.30583019288192603,,
10,0.3333333333333333,False,ok,374,468,369,380,463,474,121,115,362.0,442.0,385.0,494.0,362.0,442.0,385.0,494.0,34.47330856323242,15.174318313598633,3.710677146911621,34.47273826599121,15.244558334350586,3.7270678281784058,-37.66388286269945,-0.3175961005794455,-37.69111373251268,-0.382345351412123
11,0.36666666666666664,False,outlier,372,467,367,378,462,473,121,118,361.0,441.0,383.0,493.0,361.0,441.0,383.0,493.0,33.778656005859375,14.972253799438477,3.651247978210449,,,,-36.945916882443306,-0.4064616987742589,,
12,0.4,False,ok,370,466,365,376,461,472,121,121,359.0,440.0,382.0,492.0,359.0,440.0,382.0,492.0,34.47216796875,15.314798355102539,3.7434585094451904,34.47330856323242,15.314798355102539,3.7434585094451904,-37.718344602325914,-0.4470946022448006,-37.71939237546948,-0.44664390588032266
13,0.43333333333333335,False,ok,370,466,365,376,461,472,121,117,359.0,440.0,381.0,491.0,359.0,440.0,381.0,491.0,35.224273681640625,15.640684127807617,3.8255276679992676,34.47216796875,15.314798355102539,3.7434585094451904,-38.53801514649449,-0.44927158104536247,-37.718344602325914,-0.4470946022448006
14,0.4666666666666667,False,outlier,368,466,363,374,461,472,121,120,357.0,440.0,379.0,492.0,357.0,440.0,379.0,492.0,35.54505920410156,15.819009780883789,3.859405040740967,,,,-38.903159100136534,-0.48632941536195323,,
15,0.5,False,ok,366,465,361,372,460,471,121,121,356.0,440.0,377.0,490.0,356.0,440.0,377.0,490.0,33.599815368652344,14.997374534606934,3.679410696029663,33.66252517700195,15.061065196990967,3.7039730548858643,-36.791556506916585,-0.5002054949384406,-36.874329836499996,-0.5339337686540929
16,0.5333333333333333,False,ok,365,464,360,371,459,470,121,116,354.0,440.0,376.0,489.0,354.0,440.0,376.0,489.0,33.29888153076172,14.89091682434082,3.6692559719085693,33.66252517700195,15.061065196990967,3.7039730548858643,-36.47304672809654,-0.5213227783501388,-36.874329836499996,-0.5339337686540929
17,0.5666666666666667,False,ok,364,464,359,370,459,470,121,121,353.0,439.0,374.0,489.0,353.0,439.0,374.0,489.0,33.72523498535156,15.124755859375,3.7285354137420654,33.678202629089355,15.076987862586975,3.7101136445999146,-36.95710316608341,-0.5676620423697434,-36.89502316889585,-0.5423658370830047
18,0.6,False,ok,362,462,357,368,457,468,121,120,351.0,436.0,374.0,489.0,351.0,436.0,374.0,489.0,33.76396942138672,15.20722770690918,3.7859671115875244,33.72523498535156,15.124755859375,3.7285354137420654,-37.02527346224255,-0.6281167600701584,-36.95710316608341,-0.5676620423697434
19,0.6333333333333333,False,outlier,361,462,356,367,457,468,121,121,350.0,436.0,372.0,488.0,350.0,436.0,372.0,488.0,34.904170989990234,15.70771598815918,3.9197885990142822,,,,-38.27044942315181,-0.6373343024872399,,
20,0.6666666666666666,False,outlier,360,462,355,366,457,468,121,119,349.0,436.0,371.0,488.0,349.0,436.0,371.0,488.0,34.962371826171875,15.772088050842285,3.9063913822174072,,,,-38.349349969398794,-0.6734702069071778,,
21,0.7,False,outlier,359,462,354,365,457,468,121,121,348.0,436.0,370.0,487.0,348.0,436.0,370.0,487.0,34.693809509277344,15.680164337158203,3.8915441036224365,,,,-38.066320311130454,-0.6951473777036012,,
22,0.7333333333333333,False,ok,357,461,352,363,456,467,121,121,346.0,435.0,368.0,487.0,346.0,435.0,368.0,487.0,33.160247802734375,15.067482948303223,3.755053758621216,33.291738510131836,15.156534671783447,3.771504759788513,-36.41546360993141,-0.7382999457670051,-36.571441674532224,-0.7681472061114387
23,0.7666666666666667,True,outlier,355,460,350,361,455,466,121,121,0.0,0.0,0.0,0.0,344.0,433.5,366.0,486.5,31.984643936157227,14.54858112335205,3.623244524002075,,,,-35.13049042490779,-0.7261562717329942,,
24,0.8,False,ok,353,459,348,359,454,465,121,120,342.0,432.0,364.0,486.0,342.0,432.0,364.0,486.0,33.4232292175293,15.245586395263672,3.7879557609558105,33.4232292175293,15.245586395263672,3.7879557609558105,-36.72741973913303,-0.7979944664558724,-36.72741973913303,-0.7979944664558724
25,0.8333333333333334,False,ok,352,458,347,358,453,464,121,113,341.0,432.0,362.0,485.0,341.0,432.0,362.0,485.0,33.62117385864258,15.411870956420898,3.8480615615844727,33.52220153808594,15.328728675842285,3.8180086612701416,-36.97496163978649,-0.8725306566294192,-36.85119068945976,-0.8352625615426458
26,0.8666666666666667,False,outlier,350,458,345,356,453,464,121,121,339.0,432.0,361.0,484.0,339.0,432.0,361.0,484.0,34.8089599609375,15.987895011901855,3.9987921714782715,,,,-38.29369704410695,-0.9323342576035162,,
27,0.9,False,outlier,348,457,343,354,452,463,121,121,336.0,429.0,359.0,485.0,336.0,429.0,359.0,485.0,32.448001861572266,14.942341804504395,3.7519047260284424,,,,-35.71173161780756,-0.9047807850085682,,
28,0.9333333333333333,False,outlier,346,458,341,352,453,464,121,112,335.0,429.0,358.0,486.0,335.0,429.0,358.0,486.0,32.57952117919922,15.108160018920898,3.7445147037506104,,,,-35.89806960080393,-1.0051359903253958,,
29,0.9666666666666667,False,ok,346,457,341,352,452,463,113,107,334.0,429.0,357.0,485.0,334.0,429.0,357.0,485.0,34.01321792602539,15.778409004211426,3.9504315853118896,33.72067642211914,15.628710746765137,3.9158859252929688,-37.479935685651505,-1.0543269829148492,-37.15204913409033,-1.0324064652313758
30,1.0,False,outlier,344,456,339,350,451,462,121,118,333.0,429.0,356.0,484.0,333.0,429.0,356.0,484.0,34.16121292114258,15.859800338745117,3.9819254875183105,,,,-37.64804798392697,-1.0706157239789005,,
31,1.0333333333333334,False,ok,344,457,339,350,452,463,121,121,332.0,430.0,355.0,484.0,332.0,430.0,355.0,484.0,33.42813491821289,15.479012489318848,3.881340265274048,33.234792709350586,15.416194915771484,3.835666537284851,-36.82416258252916,-1.0104859475479009,-36.62173268343262,-1.0291780107271473
32,1.0666666666666667,False,ok,342,458,337,348,453,464,121,113,331.0,430.0,354.0,485.0,331.0,430.0,354.0,485.0,33.04145050048828,15.353377342224121,3.7899928092956543,32.9682183265686,15.329299569129944,3.7811505496501923,-36.41930278433608,-1.0478700739063955,-36.34251609877341,-1.0546888255865656
33,1.1,False,ok,342,458,337,348,453,464,121,109,330.0,430.0,353.0,485.0,330.0,430.0,353.0,485.0,32.497955322265625,15.162737846374512,3.72853422164917,32.83883762359619,15.287073731422424,3.7562249898910522,-35.84470752791074,-1.0875023514409063,-36.206979183774735,-1.0670230196980328
34,1.1333333333333333,False,ok,341,458,336,347,453,464,121,115,329.0,431.0,353.0,486.0,329.0,431.0,353.0,486.0,32.71726989746094,15.247291564941406,3.735964298248291,32.71726989746094,15.247291564941406,3.735964298248291,-36.07958502343792,-1.0785147871730163,-36.07958502343792,-1.0785147871730163
35,1.1666666666666667,False,outlier,340,460,335,346,455,466,117,101,327.0,432.0,352.0,487.0,327.0,432.0,352.0,487.0,31.28412628173828,14.638544082641602,3.5432121753692627,,,,-34.522528860222494,-1.085601753081918,,
36,1.2,False,outlier,338,460,333,344,455,466,119,93,326.0,432.0,351.0,488.0,326.0,432.0,351.0,488.0,30.707929611206055,14.399127006530762,3.5014028549194336,,,,-33.8986192994102,-1.0933476805862894,,
37,1.2333333333333334,False,ok,337,460,332,343,455,466,121,114,323.0,432.0,351.0,489.0,323.0,432.0,351.0,489.0,31.8560791015625,14.952354431152344,3.598848819732666,31.60136318206787,14.870391368865967,3.6006343364715576,-35.17193581302049,-1.1478719112230977,-34.905561603289115,-1.1732278496467201
38,1.2666666666666666,False,outlier,335,459,330,341,454,465,121,121,321.0,431.0,349.0,487.0,321.0,431.0,349.0,487.0,32.50587844848633,15.289998054504395,3.6767754554748535,,,,-35.90227167803225,-1.2012753936045022,,
39,1.3,False,ok,334,458,329,340,453,464,121,115,320.0,429.0,348.0,487.0,320.0,429.0,348.0,487.0,31.346647262573242,14.78842830657959,3.602419853210449,31.346647262573242,14.78842830657959,3.602419853210449,-34.63918739355775,-1.1985837880703423,-34.63918739355775,-1.1985837880703423
40,1.3333333333333333,False,outlier,334,456,329,340,451,462,121,114,321.0,428.0,346.0,485.0,321.0,428.0,346.0,485.0,32.604393005371094,15.413938522338867,3.800410747528076,,,,-36.04174317966619,-1.2762024095413609,,
41,1.3666666666666667,False,ok,332,454,327,338,449,460,121,116,320.0,427.0,345.0,481.0,320.0,427.0,345.0,481.0,31.127479553222656,14.710681915283203,3.6775619983673096,31.43039608001709,14.8558030128479,3.7352160215377808,-34.407134670366474,-1.2137666679391053,-34.742743301214894,-1.2273829105793566
42,1.4,False,ok,332,451,327,338,446,457,121,114,320.0,423.0,345.0,479.0,320.0,423.0,345.0,479.0,31.528688430786133,14.923177719116211,3.792870044708252,31.496843576431274,14.911044001579285,3.7846986949443817,-34.859659192517,-1.2504352776048637,-34.82561132876369,-1.2518722271460825
43,1.4333333333333333,False,ok,332,450,327,338,445,456,121,120,320.0,420.0,344.0,479.0,320.0,420.0,344.0,479.0,31.514144897460938,14.942017555236816,3.817838668823242,31.515962839126587,14.925532698631287,3.7959911227226257,-34.853743612450835,-1.2734886873117393,-34.84889975727501,-1.2576270204308542
44,1.4666666666666666,False,ok,332,448,327,338,443,454,121,119,319.0,419.0,344.0,476.0,319.0,419.0,344.0,476.0,31.591360092163086,14.96688175201416,3.8899261951446533,31.29728603363037,14.840254783630371,3.7991122007369995,-34.93449993014032,-1.265818502991328,-34.61432196972273,-1.265697313858744
45,1.5,False,ok,331,446,326,337,441,452,121,116,319.0,417.0,343.0,474.0,319.0,417.0,343.0,474.0,30.14447784423828,14.282812118530273,3.7483599185943604,30.86356830596924,14.674408912658691,3.8186813592910767,-33.33506026402439,-1.2091417240629991,-34.15036749142412,-1.2847278753994886
46,1.5333333333333334,False,ok,330,444,325,336,439,450,121,121,318.0,416.0,343.0,473.0,318.0,416.0,343.0,473.0,30.171703338623047,14.320466995239258,3.7903761863708496,30.5379958152771,14.528381824493408,3.8295403718948364,-33.374949162818325,-1.2329743285675685,-33.79358863964646,-1.279231686017025
47,1.5666666666666667,False,ok,330,444,325,336,439,450,121,100,318.0,416.0,342.0,473.0,318.0,416.0,342.0,473.0,30.646709442138672,14.591485977172852,3.8461780548095703,30.320568561553955,14.402173519134521,3.8175195455551147,-33.91839025227481,-1.2942431561698602,-33.543985414389745,-1.2492087457113548
48,1.6,False,ok,330,444,325,336,439,450,121,121,318.0,415.0,341.0,472.0,318.0,415.0,341.0,472.0,30.983705520629883,14.721129417419434,3.911496162414551,30.26621174812317,14.3706214427948,3.812743127346039,-34.27918918131557,-1.2801750603334414,-33.48158460807557,-1.2417030106349374
49,1.6333333333333333,False,ok,330,444,325,336,439,450,121,116,318.0,416.0,341.0,472.0,318.0,416.0,341.0,472.0,30.211854934692383,14.339069366455078,3.807966709136963,30.320568561553955,14.402173519134521,3.8175195455551147,-33.41918380176139,-1.2341972755585198,-33.543985414389745,-1.2492087457113548
50,1.6666666666666667,False,ok,328,444,323,334,439,450,121,121,316.0,415.0,341.0,472.0,316.0,415.0,341.0,472.0,29.54158592224121,14.05514144897461,3.7141876220703125,30.211854934692383,14.339069366455078,3.807966709136963,-32.69126939994,-1.2382265432427468,-33.41918380176139,-1.2341972755585198
51,1.7,False,outlier,328,444,323,334,439,450,121,121,314.0,415.0,341.0,472.0,314.0,415.0,341.0,472.0,29.135019302368164,13.912484169006348,3.6593017578125,,,,-32.26141925567114,-1.2678300801088591,,
52,1.7333333333333334,False,outlier,327,442,322,333,437,448,121,120,315.0,414.0,339.0,470.0,315.0,414.0,339.0,470.0,31.16704559326172,14.87118911743164,3.9283013343811035,,,,-34.50690391209494,-1.34557763816093,,
53,1.7666666666666666,False,ok,326,440,321,332,435,446,121,118,314.0,412.0,338.0,469.0,314.0,412.0,338.0,469.0,29.817527770996094,14.26725959777832,3.840592384338379,29.845003128051758,14.285776138305664,3.8833730220794678,-33.028571870490175,-1.3240464494820523,-33.06112794480357,-1.330199460430956
54,1.8,False,ok,326,440,321,332,435,446,121,119,314.0,412.0,338.0,469.0,314.0,412.0,338.0,469.0,30.188405990600586,14.43700122833252,3.8833730220794678,29.845003128051758,14.285776138305664,3.8833730220794678,-33.43634008346524,-1.3334251171550227,-33.06112794480357,-1.330199460430956
55,1.8333333333333333,False,ok,326,438,321,332,433,444,121,113,313.0,409.0,338.0,468.0,313.0,409.0,338.0,468.0,29.845003128051758,14.285776138305664,3.9167985916137695,29.845003128051758,14.285776138305664,3.8833730220794678,-33.06112794480357,-1.330199460430956,-33.06112794480357,-1.330199460430956
56,1.8666666666666667,False,outlier,325,438,320,331,433,444,121,118,312.0,408.0,338.0,467.0,312.0,408.0,338.0,467.0,28.559223175048828,13.691595077514648,3.7262818813323975,,,,-31.645198820017182,-1.2924379174461078,,
57,1.9,False,outlier,324,436,319,330,431,442,121,121,312.0,407.0,337.0,466.0,312.0,407.0,337.0,466.0,31.029632568359375,14.841683387756348,4.092708587646484,,,,-34.369014588072616,-1.3727706853816732,,
58,1.9333333333333333,False,ok,324,436,319,330,431,442,121,117,312.0,405.0,336.0,466.0,312.0,405.0,336.0,466.0,29.15680503845215,13.976797103881836,3.8477776050567627,28.67951774597168,13.70290756225586,3.830948829650879,-32.30684479114178,-1.3183007905875743,-31.760173877758454,-1.2552964015652954
59,1.9666666666666666,False,ok,324,435,319,330,430,441,121,120,311.0,405.0,336.0,465.0,311.0,405.0,336.0,465.0,28.41000747680664,13.653271675109863,3.783031940460205,28.54476261138916,13.678089618682861,3.8283495903015137,-31.49298309213973,-1.3161945998853772,-31.626578484949093,-1.2857455007253373
60,2.0,False,ok,324,434,319,330,429,440,120,112,311.0,404.0,336.0,463.0,311.0,404.0,336.0,463.0,28.67951774597168,13.70290756225586,3.830948829650879,28.42100167274475,13.654845833778381,3.823976516723633,-31.760173877758454,-1.2552964015652954,-31.503704598351217,-1.313296389334636
61,2.033333333333333,False,ok,322,432,317,328,427,438,121,120,310.0,402.0,335.0,461.0,310.0,402.0,335.0,461.0,28.319229125976562,13.634750366210938,3.8257503509521484,28.341923713684082,13.639380693435669,3.8209030628204346,-31.402273724176293,-1.3350508568424542,-31.424951066167154,-1.3303367926031855
62,2.066666666666667,False,ok,322,430,317,328,425,436,121,118,310.0,401.0,335.0,460.0,310.0,401.0,335.0,460.0,27.9600830078125,13.458623886108398,3.8160557746887207,28.239141941070557,13.597239971160889,3.8209030628204346,-31.00275993682997,-1.3151710956310443,-31.313882098825445,-1.332238830737585
63,2.1,False,ok,321,431,316,327,426,437,121,120,308.0,401.0,334.0,461.0,308.0,401.0,334.0,461.0,27.99888038635254,13.484708786010742,3.794419288635254,28.069268226623535,13.515697956085205,3.813070297241211,-31.048707222772894,-1.3238027524229792,-31.125612026638013,-1.324456864329865
64,2.1333333333333333,False,ok,321,430,316,327,425,436,121,121,308.0,400.0,334.0,461.0,308.0,400.0,334.0,461.0,28.49691390991211,13.708529472351074,3.8831303119659424,27.836867809295654,13.39565634727478,3.78171843290329,-31.594651754160992,-1.3326151794693397,-30.864690869212605,-1.3060152963988247
65,2.1666666666666665,False,ok,321,432,316,327,427,438,121,117,308.0,402.0,334.0,461.0,308.0,402.0,334.0,461.0,27.2440185546875,13.126383781433105,3.6789791584014893,27.51523780822754,13.236586332321167,3.734765112400055,-30.213686761194122,-1.292915496879056,-30.50637986471482,-1.2869797690826414
66,2.2,False,ok,321,430,316,327,425,436,121,121,308.0,400.0,334.0,461.0,308.0,400.0,334.0,461.0,27.094833374023438,13.035066604614258,3.7006824016571045,27.25282382965088,13.117125749588013,3.7005808353424072,-30.040559020908077,-1.2679789683439617,-30.218117230928478,-1.2809315510030765
67,2.2333333333333334,False,ok,322,431,317,328,426,437,121,121,309.0,401.0,334.0,461.0,309.0,401.0,334.0,461.0,27.428424835205078,13.180668830871582,3.7219793796539307,27.07828998565674,13.025555849075317,3.682962954044342,-30.404536380417593,-1.269916241910233,-30.021603834544965,-1.2657791775555736
68,2.2666666666666666,False,ok,323,431,318,329,426,437,121,121,311.0,400.0,335.0,462.0,311.0,400.0,335.0,462.0,26.879474639892578,12.905706405639648,3.656146287918091,26.932223796844482,12.936803460121155,3.672520011663437,-29.79161053516959,-1.234243276655317,-29.852354717671336,-1.2419662714602406
69,2.3,False,ok,324,430,319,330,425,436,121,121,311.0,400.0,336.0,461.0,311.0,400.0,336.0,461.0,26.870750427246094,12.89576244354248,3.673211097717285,26.876203060150146,12.90197741985321,3.6668117940425873,-29.77966702370659,-1.2285558517174209,-29.787131718370965,-1.2321104923036068
70,2.3333333333333335,False,ok,325,430,320,331,425,436,121,121,313.0,399.0,337.0,461.0,313.0,399.0,337.0,461.0,26.69306755065918,12.762670516967773,3.648395538330078,26.875112533569336,12.900734424591064,3.664678692817688,-29.56385378122523,-1.1765048198232475,-29.78563877943809,-1.2313995641863689
71,2.3666666666666667,False,outlier,325,429,320,331,424,435,121,120,313.0,398.0,337.0,460.0,313.0,398.0,337.0,460.0,28.10373306274414,13.450010299682617,3.858405590057373,,,,-31.131316193941263,-1.2504963640079954,,
72,2.4,False,ok,324,428,319,330,423,434,121,121,312.0,396.0,337.0,459.0,312.0,396.0,337.0,459.0,27.354660034179688,13.101317405700684,3.7791452407836914,26.80294704437256,12.805277824401855,3.7098904848098755,-30.305419491779436,-1.226169962826647,-29.681627225838938,-1.1722267911519475
73,2.433333333333333,False,ok,326,428,321,332,423,434,121,121,313.0,396.0,339.0,459.0,313.0,396.0,339.0,459.0,26.905363082885742,12.847885131835938,3.7175753116607666,26.992083311080933,12.875437259674072,3.731046587228775,-29.7925445896654,-1.1708978843438576,-29.883094536687583,-1.1619410533800407
74,2.466666666666667,False,ok,327,428,322,333,423,434,121,116,313.0,396.0,341.0,459.0,313.0,396.0,341.0,459.0,26.700531005859375,12.719245910644531,3.7022056579589844,26.910317182540894,12.834827303886414,3.725271552801132,-29.55355099222978,-1.1336649769574176,-29.79193583429589,-1.1569451286643269
75,2.5,False,ok,329,426,324,335,421,432,121,121,316.0,394.0,342.0,458.0,316.0,394.0,342.0,458.0,27.35942840576172,13.000700950622559,3.823387861251831,26.66923761367798,12.684038639068604,3.718031942844391,-30.270042064087146,-1.1318574715547611,-29.51089239099065,-1.1136881877669276
76,2.533333333333333,False,ok,330,425,325,336,420,431,121,106,317.0,393.0,344.0,457.0,317.0,393.0,344.0,457.0,26.16839599609375,12.434269905090332,3.689993381500244,26.402494430541992,12.513267755508423,3.7189452052116394,-28.952115133804806,-1.0821489545905403,-29.198378026427473,-1.062215939291501
77,2.566666666666667,False,ok,332,424,327,338,419,430,121,112,318.0,391.0,347.0,457.0,318.0,391.0,347.0,457.0,26.370525360107422,12.449777603149414,3.7412004470825195,26.180466651916504,12.380411386489868,3.7194018363952637,-29.14392298983766,-1.0165249128090212,-28.94192173929674,-1.0279038122621165
78,2.6,False,ok,337,422,332,343,417,428,121,114,323.0,390.0,351.0,455.0,323.0,390.0,351.0,455.0,26.014549255371094,12.203328132629395,3.7194018363952637,26.03907871246338,12.224650382995605,3.7194018363952637,-28.71953369973969,-0.930792427058368,-28.75049226357133,-0.9406868674874058
79,2.6333333333333333,False,ok,340,421,335,346,416,427,121,120,326.0,389.0,353.0,453.0,326.0,389.0,353.0,453.0,25.528148651123047,11.899150848388672,3.671640634536743,25.865084648132324,12.054457426071167,3.7074615359306335,-28.152523165955575,-0.8435661544177204,-28.523407476924383,-0.853096475990196
80,2.6666666666666665,False,ok,343,421,338,349,416,427,121,121,329.0,389.0,357.0,453.0,329.0,389.0,357.0,453.0,25.958820343017578,12.0576753616333,3.7419497966766357,25.63581657409668,11.873162269592285,3.6835809350013733,-28.61078652100114,-0.8190136612423471,-28.241159926602688,-0.7771484419661571
81,2.7,False,ok,348,420,343,354,415,426,121,121,333.0,388.0,362.0,452.0,333.0,388.0,362.0,452.0,25.26408576965332,11.636672019958496,3.6608192920684814,25.462132930755615,11.688859939575195,3.6689352989196777,-27.806233353730907,-0.7067900355461239,-28.008785098249955,-0.6764742349318147
82,2.7333333333333334,False,ok,354,420,349,360,415,426,121,97,340.0,387.0,368.0,453.0,340.0,387.0,368.0,453.0,24.970584869384766,11.40784740447998,3.6235480308532715,25.295002460479736,11.552602291107178,3.65807968378067,-27.446199363086876,-0.6125615436327093,-27.801414600962303,-0.6173454118812818
83,2.7666666666666666,False,ok,360,420,355,366,415,426,121,110,347.0,388.0,372.0,453.0,347.0,388.0,372.0,453.0,25.62466049194336,11.582944869995117,3.7036914825439453,25.12051248550415,11.415890455245972,3.6406115889549255,-28.1162347473474,-0.5149571057515757,-27.587104045570566,-0.5607074098048682
84,2.8,False,ok,364,420,359,370,415,426,121,118,350.0,388.0,379.0,453.0,350.0,388.0,379.0,453.0,25.123689651489258,11.264922142028809,3.6390395164489746,24.966726303100586,11.176511764526367,3.5980714559555054,-27.530368788891973,-0.42076943558433416,-27.351244463957105,-0.40157662953273854
85,2.8333333333333335,False,ok,370,422,365,376,417,428,121,121,355.0,389.0,384.0,455.0,355.0,389.0,384.0,455.0,24.122777938842773,10.682572364807129,3.4441003799438477,24.764342308044434,10.88039493560791,3.529244363307953,-26.380800419724093,-0.2813130475924116,-27.048322348966792,-0.20952806777449962
86,2.8666666666666667,False,ok,375,423,370,381,418,429,121,121,361.0,390.0,389.0,456.0,361.0,390.0,389.0,456.0,24.38637924194336,10.71994686126709,3.4573984146118164,24.562530994415283,10.722705364227295,3.487384259700775,-26.637718123774572,-0.21148616646921548,-26.800624683074414,-0.1444152922047658
87,2.9,False,ok,384,424,379,390,419,430,121,95,370.0,391.0,399.0,457.0,370.0,391.0,399.0,457.0,24.802045822143555,10.768355369567871,3.506150245666504,24.541041374206543,10.664273738861084,3.487384259700775,-27.038686062126796,-0.09170802996343577,-26.75779511586533,-0.0992302637956174
88,2.933333333333333,False,ok,390,423,385,396,418,429,121,120,376.0,391.0,403.0,455.0,376.0,391.0,403.0,455.0,24.48269271850586,10.491016387939453,3.4811289310455322,24.65773868560791,10.57939887046814,3.499894917011261,-26.63573366919756,0.0368714573831699,-26.831458030676323,0.024849471675473224
89,2.966666666666667,False,ok,397,424,392,403,419,430,121,118,383.0,389.0,411.0,458.0,383.0,389.0,411.0,458.0,25.071773529052734,10.572003364562988,3.5460739135742188,24.65773868560791,10.452093362808228,3.505772352218628,-27.20887653345837,0.19524553633581698,-26.781154324701504,0.14179488392301196
90,3.0,False,ok,406,422,401,412,417,428,121,116,394.0,389.0,419.0,456.0,394.0,389.0,419.0,456.0,24.716087341308594,10.254337310791016,3.5392212867736816,24.508207321166992,10.237140417098999,3.505016565322876,-26.756612930084426,0.34651357305949604,-26.558854933590634,0.28016893688227834
91,3.033333333333333,False,ok,414,422,409,420,417,428,121,121,398.0,388.0,429.0,456.0,398.0,388.0,429.0,456.0,24.351356506347656,9.948870658874512,3.487643241882324,24.347646713256836,9.982598781585693,3.500389814376831,-26.300861222530564,0.48300107602632036,-26.310780717050473,0.450551847146936
92,3.066666666666667,False,ok,420,420,415,426,415,426,121,121,406.0,386.0,435.0,455.0,406.0,386.0,435.0,455.0,24.205181121826172,9.778316497802734,3.504638671875,24.14266872406006,9.734743595123291,3.4915488958358765,-26.09918851059079,0.5819155954749745,-26.024545890747653,0.5972412936755096
93,3.1,False,ok,428,420,423,434,415,426,121,119,414.0,385.0,442.0,455.0,414.0,385.0,442.0,455.0,23.736520767211914,9.433470726013184,3.4368488788604736,23.90801239013672,9.487785577774048,3.486613631248474,-25.532404716146015,0.7135106738900641,-25.71140244603104,0.7313794329738658
94,3.1333333333333333,False,ok,436,418,431,442,413,424,121,119,421.0,384.0,450.0,452.0,421.0,384.0,450.0,452.0,23.808956146240234,9.30588436126709,3.4836151599884033,23.790847301483154,9.310033321380615,3.485606610774994,-25.54853063497644,0.8593363209689452,-25.533534911060933,0.8483694438970725
95,3.1666666666666665,False,ok,440,417,435,446,412,423,121,121,425.0,382.0,456.0,452.0,425.0,382.0,456.0,452.0,23.652576446533203,9.194893836975098,3.4862704277038574,23.733643531799316,9.210819959640503,3.484278976917267,-25.361020105478133,0.8995023301102327,-25.44178304250281,0.9169052522742146
96,3.2,False,ok,450,416,445,456,411,422,121,119,437.0,382.0,464.0,451.0,437.0,382.0,464.0,451.0,24.015518188476562,9.147607803344727,3.5578949451446533,23.648810386657715,9.128336429595947,3.4783905744552612,-25.675741044402326,1.0863536282701554,-25.331260924233156,0.9591551826459555
97,3.2333333333333334,False,ok,445,417,440,451,412,423,121,94,434.0,382.0,456.0,452.0,434.0,382.0,456.0,452.0,23.55356788635254,9.023236274719238,3.462716817855835,23.48066234588623,8.911946773529053,3.467941403388977,-25.202239791900222,1.0180680321018816,-25.091292173917743,1.0914928029211264
98,3.2666666666666666,False,ok,463,414,458,469,409,420,121,121,447.0,379.0,479.0,448.0,447.0,379.0,479.0,448.0,22.728057861328125,8.414937973022461,3.3849258422851562,23.153038024902344,8.586396932601929,3.4478583931922913,-24.203545615650306,1.2506697680960353,-24.661691555977235,1.2610914576709908
99,3.3,False,ok,472,413,467,478,408,419,121,121,459.0,379.0,486.0,447.0,459.0,379.0,486.0,447.0,22.732709884643555,8.26101303100586,3.40328311920166,22.83910369873047,8.386148929595947,3.418141543865204,-24.146996905595923,1.393906538818245,-24.29417881659861,1.3209947985735693
100,3.3333333333333335,False,ok,470,412,465,476,407,418,121,121,457.0,379.0,484.0,445.0,457.0,379.0,484.0,445.0,23.16293716430664,8.453706741333008,3.481916666030884,22.73038387298584,8.197822570800781,3.422575294971466,-24.618353686860512,1.3868949112020852,-24.11989100274691,1.4510354686340692
101,3.3666666666666667,False,ok,486,410,481,492,405,416,121,120,469.0,375.0,502.0,446.0,469.0,375.0,502.0,446.0,22.272567749023438,7.854326248168945,3.391451835632324,22.749635219573975,7.94681990146637,3.461525857448578,-23.563602161288106,1.5856759227701676,-24.038394074572054,1.6892186020766344
102,3.4,False,ok,494,408,489,500,403,414,121,121,481.0,373.0,508.0,444.0,481.0,373.0,508.0,444.0,22.614866256713867,7.813933849334717,3.480451822280884,22.786974906921387,7.82587206363678,3.491593599319458,-23.86208377011614,1.7580375874236178,-24.0249035400775,1.8150781952982336
103,3.433333333333333,False,ok,499,408,494,505,403,414,121,121,482.0,372.0,516.0,443.0,482.0,372.0,516.0,443.0,22.877246856689453,7.8176140785217285,3.5220892429351807,22.805063247680664,7.772608160972595,3.5123410820961,-24.10456610386803,1.8583343528183867,-24.020473070083778,1.8711549492527741
104,3.466666666666667,False,ok,508,405,503,514,400,411,121,117,492.0,369.0,523.0,441.0,492.0,369.0,523.0,441.0,22.805063247680664,7.644950866699219,3.575246572494507,22.805063247680664,7.660653233528137,3.5354846119880676,-23.97003035857263,1.9884235197932334,-23.97623501741725,1.9739990082711119
105,3.5,False,ok,515,402,510,521,397,408,121,121,499.0,367.0,531.0,438.0,499.0,367.0,531.0,438.0,22.898706436157227,7.5387773513793945,3.6293838024139404,22.735731601715088,7.494997024536133,3.561284363269806,-24.01409930803703,2.1229589790466603,-23.84708790154224,2.0987783301600578
106,3.533333333333333,False,ok,522,404,517,528,399,410,121,116,506.0,369.0,538.0,440.0,506.0,369.0,538.0,440.0,22.414112091064453,7.257482528686523,3.5232691764831543,22.576545238494873,7.301472306251526,3.5783334970474243,-23.457789853603398,2.1898786882321213,-23.62438641816132,2.2136528883631397
107,3.566666666666667,False,ok,530,402,525,536,397,408,121,121,515.0,366.0,546.0,437.0,515.0,366.0,546.0,437.0,22.52773666381836,7.152146816253662,3.5733108520507812,22.460274696350098,7.136776685714722,3.5825820565223694,-23.520545157298724,2.3315400016008527,-23.45249985208559,2.319002282273772
108,3.6,False,ok,538,400,533,544,395,406,121,120,521.0,364.0,554.0,436.0,521.0,364.0,554.0,436.0,22.422073364257812,6.985330581665039,3.5895299911499023,22.427966117858887,7.002600193023682,3.582775831222534,-23.35756467574294,2.44302879757692,-23.369801820701326,2.4294930558259495
109,3.6333333333333333,False,ok,545,400,540,551,395,406,121,119,530.0,363.0,560.0,436.0,530.0,363.0,560.0,436.0,22.44564437866211,6.887592792510986,3.607229471206665,22.40856409072876,6.846413731575012,3.5861529111862183,-23.340597216507778,2.542126595109825,-23.290262953284984,2.56530254727165
110,3.6666666666666665,False,ok,552,398,547,558,393,404,121,121,538.0,360.0,567.0,435.0,538.0,360.0,567.0,435.0,22.080684661865234,6.625138759613037,3.576021671295166,22.309707641601562,6.686294078826904,3.5935014486312866,-22.901631329920633,2.639011396196557,-23.13618148038013,2.6733293978120805
111,3.7,False,ok,558,396,553,564,391,402,121,121,542.0,359.0,575.0,434.0,542.0,359.0,575.0,434.0,22.3680362701416,6.607306003570557,3.644669532775879,22.09624147415161,6.529907584190369,3.601444363594055,-23.158551860496313,2.768937509567944,-22.878292330087664,2.732639822797102
112,3.7333333333333334,False,ok,566,394,561,572,389,400,121,121,550.0,358.0,581.0,430.0,550.0,358.0,581.0,430.0,21.68893051147461,6.279879570007324,3.5701889991760254,21.87820863723755,6.343541741371155,3.6123021841049194,-22.405331770400146,2.8013750915697675,-22.60436205638338,2.817685401699272
113,3.7666666666666666,False,ok,571,393,566,577,388,399,121,121,554.0,356.0,588.0,430.0,554.0,356.0,588.0,430.0,21.72102928161621,6.207101821899414,3.6054158210754395,21.754662036895752,6.199830532073975,3.6260749101638794,-22.40606083127288,2.880913762255827,-22.434083370684768,2.9008830178335496
114,3.8,False,ok,578,391,573,584,386,397,121,121,561.0,354.0,594.0,428.0,561.0,354.0,594.0,428.0,21.855560302734375,6.105238914489746,3.6545557975769043,21.72102928161621,6.098469614982605,3.6329612731933594,-22.48939347080809,3.027645894855139,-22.363135723816125,2.98070550304354
115,3.8333333333333335,False,ok,586,390,581,592,385,396,121,120,570.0,353.0,601.0,427.0,570.0,353.0,601.0,427.0,21.634902954101562,5.919888019561768,3.6329612731933594,21.69949769973755,5.994431138038635,3.6383599042892456,-22.213453315761665,3.110722068269784,-22.302246444036438,3.067769326247725
116,3.8666666666666667,False,ok,592,390,587,598,385,396,121,120,577.0,352.0,607.0,428.0,577.0,352.0,607.0,428.0,22.163877487182617,5.976298809051514,3.7294442653656006,21.64334535598755,5.870434641838074,3.6549898386001587,-22.721670264086878,3.2679218368897844,-22.20166758841068,3.15948688497912
117,3.9,False,ok,598,388,593,604,383,394,121,121,583.0,351.0,613.0,424.0,583.0,351.0,613.0,424.0,21.404481887817383,5.665663719177246,3.6320648193359375,21.595635414123535,5.711572289466858,3.6765769720077515,-21.901329262563056,3.2532086925838253,-22.095067142497555,3.2865688682997596
118,3.933333333333333,False,ok,604,386,599,610,381,392,121,121,588.0,347.0,621.0,424.0,588.0,347.0,621.0,424.0,21.58254623413086,5.595073699951172,3.695979118347168,21.58254623413086,5.597413182258606,3.6914559602737427,-22.03700971450749,3.3884147471913644,-22.037934141362932,3.38626565146159
119,3.966666666666667,False,ok,610,384,605,616,379,390,121,121,594.0,346.0,625.0,422.0,594.0,346.0,625.0,422.0,21.265153884887695,5.414845943450928,3.677886486053467,21.617433071136475,5.527356743812561,3.712096869945526,-21.674231198111148,3.4285606761564935,-22.04229967954441,3.4644061533820856
120,4.0,False,ok,616,384,611,622,379,390,121,120,600.0,347.0,632.0,422.0,600.0,347.0,632.0,422.0,22.11422348022461,5.533841609954834,3.827725410461426,21.687206745147705,5.460506916046143,3.7443323731422424,-22.5012238303142,3.654751596960506,-22.079980036655538,3.5533862396115485
121,4.033333333333333,False,ok,623,384,618,629,379,390,121,119,606.0,345.0,640.0,422.0,606.0,345.0,640.0,422.0,22.269495010375977,5.446670055389404,3.8454713821411133,21.72209358215332,5.367792725563049,3.7604501247406006,-22.60941428575329,3.796183394491268,-22.075392553734684,3.6523406104783405
122,4.066666666666666,False,ok,630,384,625,636,379,390,121,119,613.0,345.0,646.0,422.0,613.0,345.0,646.0,422.0,21.72209358215332,5.1948089599609375,3.7604501247406006,21.685067653656006,5.231824278831482,3.7604501247406006,-22.007039466399988,3.8112469936531572,-21.98765299365184,3.7626134878514823
123,4.1,False,ok,633,383,628,639,378,389,121,118,615.0,344.0,651.0,422.0,615.0,344.0,651.0,422.0,21.573989868164062,5.122833251953125,3.757023334503174,21.610901832580566,5.093671917915344,3.759593427181244,-21.842547802796858,3.818843390543315,-21.86493302221641,3.860217035191651
124,4.133333333333334,False,ok,640,382,635,646,377,388,121,121,621.0,343.0,659.0,422.0,621.0,343.0,659.0,422.0,21.307029724121094,4.9342122077941895,3.7137818336486816,21.5070219039917,4.973829627037048,3.7578800320625305,-21.522780791981027,3.886627427019154,-21.72215214202607,3.929259301222375
125,4.166666666666667,False,ok,646,380,641,652,375,386,121,121,629.0,341.0,664.0,420.0,629.0,341.0,664.0,420.0,21.57353401184082,4.9040608406066895,3.7975165843963623,21.342082500457764,4.835068702697754,3.7596395015716553,-21.75568295645445,4.019632021300215,-21.515805254418712,3.991553465767561
126,4.2,False,ok,654,378,649,660,373,384,121,121,636.0,341.0,671.0,416.0,636.0,341.0,671.0,416.0,20.856197357177734,4.597940921783447,3.6983883380889893,21.179527759552002,4.668334007263184,3.76950466632843,-20.975762283622238,4.017390389634694,-21.300595364551665,4.080487181286551
127,4.233333333333333,False,ok,658,376,653,664,371,382,121,121,642.0,339.0,675.0,414.0,642.0,339.0,675.0,414.0,21.04960823059082,4.57339334487915,3.7674880027770996,21.07956838607788,4.555285096168518,3.7767536640167236,-21.14373365129147,4.116364977937002,-21.164100332696197,4.144838085894045
128,4.266666666666667,False,ok,665,376,660,671,371,382,121,121,648.0,337.0,682.0,416.0,648.0,337.0,682.0,416.0,21.180736541748047,4.476412773132324,3.7860193252563477,21.041142463684082,4.476506471633911,3.7721208333969116,-21.225869706764552,4.257267545956933,-21.09767278956416,4.20202204088861
129,4.3,False,ok,670,374,665,676,369,380,121,121,652.0,335.0,688.0,413.0,652.0,335.0,688.0,413.0,21.038320541381836,4.379806995391846,3.7985875606536865,20.9860897064209,4.3603527545928955,3.7721208333969116,-21.05687052591314,4.2897370751297395,-21.001203044859725,4.286969556575557
130,4.333333333333333,False,ok,678,374,673,684,369,380,121,121,661.0,336.0,694.0,412.0,661.0,336.0,694.0,412.0,20.829397201538086,4.205384254455566,3.7637951374053955,20.85765552520752,4.217218995094299,3.7765719890594482,-20.796027637086603,4.3674110207989045,-20.82666270304733,4.367705428975408
131,4.366666666666666,False,ok,684,372,679,690,367,378,121,121,668.0,335.0,699.0,408.0,668.0,335.0,699.0,408.0,20.665245056152344,4.078300476074219,3.7637033462524414,20.740414142608643,4.088160276412964,3.7715758085250854,-20.59501806722825,4.419289401534829,-20.667965926844207,4.4399344251203114
132,4.4,False,ok,690,371,685,696,366,377,121,121,673.0,333.0,706.0,409.0,673.0,333.0,706.0,409.0,20.73350715637207,3.9906558990478516,3.7920291423797607,20.617902278900146,3.976153016090393,3.7689566612243652,-20.623092990959,4.526774678973422,-20.51116532124714,4.494417020494344
133,4.433333333333334,False,ok,695,369,690,701,364,375,121,121,678.0,329.0,712.0,409.0,678.0,329.0,712.0,409.0,20.407611846923828,3.8449997901916504,3.766761302947998,20.43741226196289,3.8495984077453613,3.7733473777770996,-20.266164180717034,4.531802520134963,-20.295356549496013,4.53935352172268
134,4.466666666666667,False,ok,702,366,697,708,361,372,121,120,683.0,326.0,720.0,407.0,683.0,326.0,720.0,407.0,20.269180297851562,3.717738151550293,3.7890162467956543,20.282163619995117,3.721651017665863,3.775542736053467,-20.0887117904657,4.59400756528663,-20.102184668886636,4.595543378483757
135,4.5,False,ok,708,366,703,714,361,372,121,121,690.0,326.0,726.0,405.0,690.0,326.0,726.0,405.0,20.182682037353516,3.606127977371216,3.775542736053467,20.176706790924072,3.60081684589386,3.775542736053467,-19.965150913898103,4.662355863226803,-19.957563282608948,4.664873707320891
136,4.533333333333333,False,ok,714,364,709,720,359,370,121,121,697.0,325.0,732.0,403.0,697.0,325.0,732.0,403.0,19.998199462890625,3.473273277282715,3.7674038410186768,20.081361770629883,3.4864567518234253,3.77455073595047,-19.743185069583163,4.711502130364968,-19.824788985863037,4.732252414152702
137,4.566666666666666,False,ok,720,364,715,726,359,370,121,121,701.0,324.0,738.0,403.0,701.0,324.0,738.0,403.0,20.072282791137695,3.3931524753570557,3.788640260696411,19.988903045654297,3.375508427619934,3.7718515396118164,-19.77958044779701,4.81437612547571,-19.69601423064131,4.79763749567179
138,4.6,False,ok,728,363,723,734,358,369,121,121,710.0,323.0,745.0,403.0,710.0,323.0,745.0,403.0,19.886930465698242,3.24245548248291,3.7656946182250977,19.908153533935547,3.2536097168922424,3.7695481181144714,-19.549765399978774,4.8795690085491366,-19.57366884177172,4.8777086211930385
139,4.633333333333334,False,ok,734,362,729,740,357,368,121,121,717.0,323.0,750.0,401.0,717.0,323.0,750.0,401.0,19.860553741455078,3.1363754272460938,3.7715747356414795,19.86493444442749,3.1467361450195312,3.768951892852783,-19.48361856192305,4.966593749376534,-19.49173671513262,4.958807182753228
140,4.666666666666667,False,ok,738,362,733,744,357,368,121,121,721.0,321.0,756.0,403.0,721.0,321.0,756.0,403.0,19.851699829101562,3.0717382431030273,3.76871395111084,19.85009765625,3.064647138118744,3.7688329219818115,-19.44994433670562,5.022472223710705,-19.445670557551956,5.0283531708699725
141,4.7,False,ok,744,362,739,750,357,368,121,121,727.0,322.0,760.0,401.0,727.0,322.0,760.0,401.0,19.836437225341797,2.978736639022827,3.7691898345947266,19.71566677093506,2.9568775296211243,3.7519434690475464,-19.399174994873533,5.1018744866819485,-19.27959537047267,5.074233271990937
142,4.733333333333333,False,ok,751,360,746,757,355,366,121,121,734.0,319.0,768.0,402.0,734.0,319.0,768.0,402.0,19.338092803955078,2.7982985973358154,3.701632022857666,19.396068572998047,2.807532012462616,3.7144429683685303,-18.870087155438,5.070711890889147,-18.926993375317608,5.085138529099109
143,4.766666666666667,False,ok,755,360,750,761,355,366,121,121,738.0,319.0,772.0,400.0,738.0,319.0,772.0,400.0,18.777984619140625,2.654794216156006,3.5955324172973633,19.09581470489502,2.675301969051361,3.6804405450820923,-18.298855901503696,4.981215853867463,-18.598924508724682,5.087964916158052
144,4.8,False,ok,762,358,757,768,353,364,121,121,745.0,317.0,778.0,399.0,745.0,317.0,778.0,399.0,19.071651458740234,2.593320846557617,3.685793876647949,18.944310188293457,2.596039831638336,3.657855272293091,-18.544333507974056,5.15372652765835,-18.428429627508095,5.100910975670322
145,4.833333333333333,False,ok,764,358,759,770,353,364,121,121,746.0,317.0,783.0,399.0,746.0,317.0,783.0,399.0,18.90186309814453,2.5427234172821045,3.6485424041748047,18.90186309814453,2.521021008491516,3.6539626717567444,-18.368369337673595,5.1331158990037595,-18.359793812460158,5.153052170335869
146,4.866666666666666,False,ok,772,357,767,778,352,363,121,121,753.0,314.0,790.0,400.0,753.0,314.0,790.0,400.0,18.771099090576172,2.4053163528442383,3.635573387145996,18.86917209625244,2.429660677909851,3.659382939338684,-18.193951625912963,5.207670502194673,-18.293662927354323,5.224060040630776
147,4.9,False,ok,776,355,771,782,350,361,121,121,759.0,312.0,792.0,398.0,759.0,312.0,792.0,398.0,18.953123092651367,2.3652865886688232,3.702888011932373,18.780073165893555,2.350599467754364,3.659382939338684,-18.345345126701606,5.316367913711094,-18.180574473634238,5.261480569455849
148,4.933333333333334,False,ok,780,352,775,786,347,358,121,121,764.0,311.0,797.0,393.0,764.0,311.0,797.0,393.0,18.563827514648438,2.2665083408355713,3.6702234745025635,18.671847343444824,2.2665059566497803,3.672969341278076,-17.948698942890744,5.25328071876692,-18.04792719866949,5.2959660402954345
149,4.966666666666667,False,ok,785,353,780,791,348,359,121,121,768.0,309.0,802.0,397.0,768.0,309.0,802.0,397.0,18.387039184570312,2.1677205562591553,3.6187827587127686,18.585204124450684,2.183271110057831,3.694150745868683,-17.747262443542404,5.274172745083533,-17.93544543353017,5.338190909697182
150,5.0,False,ok,790,350,785,796,345,356,121,121,773.0,307.0,806.0,392.0,773.0,307.0,806.0,392.0,18.676231384277344,2.1311349868774414,3.730355978012085,18.509286403656006,2.1255733966827393,3.7074486017227173,-17.998463761350607,5.422052866093078,-17.842907112283783,5.3611949432624835
151,5.033333333333333,False,ok,793,348,788,799,343,354,121,121,775.0,305.0,811.0,390.0,775.0,305.0,811.0,390.0,18.536930084228516,2.072303056716919,3.7256994247436523,18.433825969696045,2.062951475381851,3.7194254398345947,-17.847251826915063,5.421053323214181,-17.748843104412938,5.388903146815109
152,5.066666666666666,False,ok,798,347,793,804,342,353,121,121,779.0,303.0,816.0,391.0,779.0,303.0,816.0,391.0,18.34169578552246,1.9760648012161255,3.700603485107422,18.38501739501953,1.9946365356445312,3.7194254398345947,-17.629877913060472,5.432314530459389,-17.677012484535737,5.432372331317735
153,5.1,False,ok,800,346,795,806,341,352,121,121,782.0,302.0,818.0,389.0,782.0,302.0,818.0,389.0,18.399457931518555,1.954113483428955,3.727095127105713,18.34464168548584,1.9338698387145996,3.7068774700164795,-17.674265508255377,5.475303683224716,-17.615911089987996,5.472239723512918
154,5.133333333333334,False,ok,804,346,799,810,341,352,121,121,787.0,302.0,822.0,390.0,787.0,302.0,822.0,390.0,17.955116271972656,1.8511875867843628,3.6354384422302246,18.297844886779785,1.8697325587272644,3.6996299624443054,-17.22541397271142,5.394275603845246,-17.547579295465084,5.512666161775361
155,5.166666666666667,False,ok,808,346,803,814,341,352,121,121,790.0,299.0,825.0,394.0,790.0,299.0,825.0,394.0,18.258249282836914,1.822441577911377,3.696709394454956,18.191833019256592,1.8278760313987732,3.6910263299942017,-17.49251933812814,5.540462740992657,-17.433655394912133,5.509226711447593
156,5.2,False,ok,809,346,804,815,341,352,121,121,791.0,298.0,827.0,393.0,791.0,298.0,827.0,393.0,18.295717239379883,1.815433382987976,3.705186367034912,18.014724731445312,1.7966599464416504,3.6767396330833435,-17.52416893068083,5.561705759959814,-17.258625367543328,5.467919580213763
157,5.233333333333333,False,ok,812,343,807,818,338,349,121,121,794.0,299.0,829.0,387.0,794.0,299.0,829.0,387.0,17.890417098999023,1.7333314418792725,3.6700830459594727,17.845754623413086,1.7345142662525177,3.6700830459594727,-17.119410135452796,5.4769753037347195,-17.078849665879904,5.458240733897415
158,5.266666666666667,False,ok,815,340,810,821,335,346,121,121,796.0,295.0,834.0,386.0,796.0,295.0,834.0,386.0,17.520673751831055,1.6559607982635498,3.628272294998169,17.683042526245117,1.6606219410896301,3.6683871150016785,-16.749184061701296,5.401948551285793,-16.900181111016412,5.461825393681642
159,5.3,False,ok,818,340,813,824,335,346,121,121,797.0,294.0,838.0,386.0,797.0,294.0,838.0,386.0,17.366823196411133,1.5972347259521484,3.5942633152008057,17.565743923187256,1.6085508465766907,3.664166271686554,-16.584648716076966,5.395102748745189,-16.77185278634981,5.463309392119646
160,5.333333333333333,False,ok,821,338,816,827,333,344,121,121,803.0,294.0,839.0,383.0,803.0,294.0,839.0,383.0,17.64706802368164,1.583773136138916,3.686998128890991,17.499112606048584,1.5747999548912048,3.6616413593292236,-16.836768043743557,5.518205235434621,-16.697307529372672,5.467984835992919
161,5.366666666666666,False,ok,824,338,819,830,333,344,121,121,806.0,292.0,842.0,384.0,806.0,292.0,842.0,384.0,17.547616958618164,1.5344188213348389,3.663299322128296,17.43578290939331,1.5333101749420166,3.6624703407287598,-16.725908340952852,5.524245850402955,-16.62273725076582,5.481073986736086
162,5.4,False,ok,827,336,822,833,331,342,121,121,809.0,291.0,845.0,381.0,809.0,291.0,845.0,381.0,17.401416778564453,1.4806299209594727,3.6599833965301514,17.40596866607666,1.4837479293346405,3.6624703407287598,-16.570351666931018,5.515887643741612,-16.57576517771165,5.51482201848883
163,5.433333333333334,False,ok,830,335,825,836,330,341,121,121,811.0,289.0,848.0,381.0,811.0,289.0,848.0,381.0,17.407485961914062,1.4393130540847778,3.6750290393829346,17.264864444732666,1.4319083094596863,3.6401283144950867,-16.559600927238783,5.55624033969792,-16.425659996229427,5.506686788801606
164,5.466666666666667,False,ok,832,334,827,838,329,340,121,121,812.0,286.0,852.0,381.0,812.0,286.0,852.0,381.0,16.849138259887695,1.3683772087097168,3.5675806999206543,16.948448657989502,1.3763651549816132,3.597931206226349,-16.018661737995465,5.400777019078612,-16.11304664692797,5.432680802907256
165,5.5,False,ok,834,331,829,840,326,337,121,121,813.0,283.0,854.0,379.0,813.0,283.0,854.0,379.0,16.694101333618164,1.3293931484222412,3.577247142791748,16.731303691864014,1.3212390840053558,3.5748305320739746,-15.8608374589685,5.37532702078352,-15.89179028681662,5.397517709681612
166,5.533333333333333,False,ok,838,330,833,844,325,336,121,121,819.0,281.0,857.0,379.0,819.0,281.0,857.0,379.0,16.50345230102539,1.2577928304672241,3.5490524768829346,16.663166999816895,1.2668576538562775,3.572413921356201,-15.657411138070806,5.365767150185638,-15.807710177400317,5.420549946844457
167,5.566666666666666,False,ok,842,328,837,848,323,334,121,121,822.0,280.0,861.0,377.0,822.0,280.0,861.0,377.0,16.68787384033203,1.2224518060684204,3.6158087253570557,16.60908269882202,1.2202905714511871,3.5844709277153015,-15.812859781299977,5.471104757354194,-15.739626652526196,5.441956450962164
168,5.6,False,ok,844,328,839,850,323,334,121,121,823.0,279.0,864.0,376.0,823.0,279.0,864.0,376.0,16.41694450378418,1.1784658432006836,3.5569417476654053,16.58281898498535,1.185705840587616,3.606935441493988,-15.546597931999544,5.404455691803547,-15.701834407219632,5.463348796978639
169,5.633333333333334,False,ok,846,326,841,852,321,332,121,121,826.0,278.0,866.0,375.0,826.0,278.0,866.0,375.0,16.58281898498535,1.1634398698806763,3.6188771724700928,16.58209466934204,1.1634380221366882,3.620084762573242,-15.693036195231207,5.483802767676991,-15.692370094121888,5.483518257787062
170,5.666666666666667,False,ok,848,326,843,854,321,332,121,121,829.0,277.0,867.0,375.0,829.0,277.0,867.0,375.0,16.74713706970215,1.1484065055847168,3.6468024253845215,16.58064603805542,1.1429483294487,3.628533661365509,-15.838041800714437,5.562541636004479,-15.682943021550091,5.501768089067895
171,5.7,False,ok,850,324,845,856,319,330,121,121,831.0,275.0,870.0,374.0,831.0,275.0,870.0,374.0,16.57992172241211,1.11154043674469,3.6417055130004883,16.546494007110596,1.1055797040462494,3.6392473578453064,-15.669867084601451,5.530333806810898,-15.636804376091384,5.522600774381141
172,5.733333333333333,False,ok,854,323,849,860,318,329,121,121,834.0,273.0,873.0,373.0,834.0,273.0,873.0,373.0,16.446210861206055,1.0508314371109009,3.6267759799957275,16.47963857650757,1.0593138635158539,3.648434042930603,-15.523048931978783,5.5332675930109225,-15.557108066653772,5.538684146637125
173,5.766666666666667,False,ok,856,320,851,862,315,326,121,121,834.0,268.0,877.0,373.0,834.0,268.0,877.0,373.0,16.42063331604004,1.022796869277954,3.658425807952881,16.43981647491455,1.0304331481456757,3.655519962310791,-15.488475257186352,5.548913960693127,-15.509114706319318,5.5494791852838885
174,5.8,False,ok,856,320,851,862,315,326,121,121,835.0,267.0,878.0,372.0,835.0,267.0,878.0,372.0,16.416933059692383,1.0240521430969238,3.6638474464416504,16.42610263824463,1.0189697742462158,3.658425807952881,-15.485572137865873,5.546298715463704,-15.491987242527241,5.5545907644351065
175,5.833333333333333,False,ok,858,320,853,864,315,326,121,121,836.0,268.0,881.0,372.0,836.0,268.0,881.0,372.0,16.547119140625,1.0062332153320312,3.693093776702881,16.324035167694092,0.9901077300310135,3.6477128863334656,-15.598122702753933,5.614109483035399,-15.38682140600746,5.540772914748559
176,5.866666666666666,False,ok,862,317,857,868,312,323,121,121,840.0,266.0,885.0,368.0,840.0,266.0,885.0,368.0,16.041641235351562,0.9251676201820374,3.6155741214752197,16.11899423599243,0.9351165741682053,3.625928223133087,-15.101748091483111,5.4888426130242705,-15.17673736712475,5.510268693680977
177,5.9,False,ok,865,316,860,871,311,322,121,121,844.0,266.0,886.0,367.0,844.0,266.0,886.0,367.0,15.975761413574219,0.8838978409767151,3.6141388416290283,15.944416046142578,0.8790796548128128,3.6037784814834595,-15.024922147852584,5.500722006036946,-14.99422379388266,5.492762229603408
178,5.933333333333334,False,ok,869,316,864,875,311,322,121,121,850.0,263.0,888.0,368.0,850.0,263.0,888.0,368.0,15.784500122070312,0.8233553171157837,3.5712621212005615,15.797321796417236,0.8333179652690887,3.577835202217102,-14.825302788342366,5.480762293315468,-14.841017694573946,5.476676780689398
179,5.966666666666667,False,ok,870,315,865,876,310,321,121,121,849.0,263.0,890.0,367.0,849.0,263.0,890.0,367.0,15.644525527954102,0.8026633858680725,3.543320894241333,15.679519176483154,0.8017783463001251,3.558823823928833,-14.688543053758467,5.4444605300897075,-14.720339210558585,5.459100992690114
180,6.0,False,ok,872,314,867,878,309,320,121,121,852.0,262.0,893.0,367.0,852.0,262.0,893.0,367.0,15.631902694702148,0.7784312963485718,3.554677724838257,15.642966985702515,0.7706631869077682,3.554677724838257,-14.667372356635713,5.46173281034231,-14.674466734526943,5.473240714667665
181,6.033333333333333,False,ok,876,314,871,882,309,320,121,121,857.0,261.0,896.0,366.0,857.0,261.0,896.0,366.0,15.489890098571777,0.7231267690658569,3.5264902114868164,15.63825273513794,0.7356268763542175,3.568165600299835,-14.515063594550464,5.4564215779325,-14.656291823772714,5.503562980985773
182,6.066666666666666,False,ok,878,312,873,884,307,318,121,121,860.0,259.0,897.0,364.0,860.0,259.0,897.0,364.0,15.893470764160156,0.7178226709365845,3.6436829566955566,15.629396200180054,0.716180145740509,3.595141351222992,-14.883705080549507,5.620765552248996,-14.640471818906322,5.517927555084915
183,6.1,False,ok,878,310,873,884,305,316,121,121,856.0,256.0,901.0,364.0,856.0,256.0,901.0,364.0,15.638291358947754,0.7059484720230103,3.6086292266845703,15.61959171295166,0.6991622000932693,3.6086292266845703,-14.644600131282129,5.530841424895771,-14.624740719979446,5.529686422820244
184,6.133333333333334,False,ok,881,309,876,887,304,315,121,121,859.0,256.0,903.0,362.0,859.0,256.0,903.0,362.0,15.615488052368164,0.6669291853904724,3.614971876144409,15.565420866012573,0.6715916693210602,3.601581394672394,-14.608234408417765,5.557674794434969,-14.564084020653809,5.5336081127721215
185,6.166666666666667,False,ok,882,308,877,888,303,314,121,121,859.0,254.0,905.0,363.0,859.0,254.0,905.0,363.0,15.4152193069458,0.6465598344802856,3.5804378986358643,15.422327518463135,0.6430473327636719,3.5874857306480408,-14.416214712788387,5.497251973084496,-14.421356523890523,5.503287378445723
186,6.2,False,ok,884,306,879,890,301,312,121,121,861.0,250.0,907.0,361.0,861.0,250.0,907.0,361.0,15.157195091247559,0.6121404767036438,3.5419139862060547,15.264795303344727,0.6118915975093842,3.5804378986358643,-14.165587932261717,5.426914181256164,-14.264333319220125,5.469660130054186
187,6.233333333333333,False,ok,886,302,881,892,297,308,121,121,864.0,247.0,909.0,358.0,864.0,247.0,909.0,358.0,14.851048469543457,0.5767256021499634,3.5171823501586914,15.172152280807495,0.5804314017295837,3.579458713531494,-13.870361566875674,5.338475725246158,-14.166798333270716,5.461952986667306
188,6.266666666666667,False,ok,889,300,884,895,295,306,121,121,867.0,246.0,911.0,355.0,867.0,246.0,911.0,355.0,15.243383407592773,0.5561339259147644,3.6363275051116943,15.06871747970581,0.5573530495166779,3.5825835466384888,-14.222631741723323,5.512419522655391,-14.062661816765118,5.4422818313914405
189,6.3,False,ok,890,300,885,896,295,306,121,121,867.0,244.0,913.0,355.0,867.0,244.0,913.0,355.0,15.13083553314209,0.5404187440872192,3.609683036804199,14.92471170425415,0.535880982875824,3.5949780344963074,-14.113033267017213,5.4823834555803845,-13.921890693562274,5.405103828735665
190,6.333333333333333,False,ok,894,297,889,900,292,303,121,121,873.0,242.0,915.0,352.0,873.0,242.0,915.0,352.0,14.856003761291504,0.48357006907463074,3.576521158218384,14.85133957862854,0.509273461997509,3.6053965091705322,-13.838103968717098,5.426008322716458,-13.843975836867742,5.4005536537521435
191,6.366666666666666,False,ok,892,295,887,898,290,301,121,121,869.0,241.0,916.0,349.0,869.0,241.0,916.0,349.0,14.837347030639648,0.506552517414093,3.5968539714813232,14.84126329421997,0.48635725677013397,3.6064452528953552,-13.830046841006938,5.397524130199307,-13.825664411645452,5.417623383563539
192,6.4,False,ok,895,294,890,901,289,300,121,121,874.0,240.0,916.0,347.0,874.0,240.0,916.0,347.0,14.834355354309082,0.4717363715171814,3.6098453998565674,14.804364681243896,0.4647565484046936,3.6053659915924072,-13.813541317979785,5.428324809607107,-13.783233260883751,5.422886052704279
193,6.433333333333334,False,ok,898,291,893,904,286,297,121,121,879.0,237.0,918.0,345.0,879.0,237.0,918.0,345.0,14.660927772521973,0.4319833815097809,3.6053659915924072,14.72952127456665,0.43935535848140717,3.6053659915924072,-13.638519174965657,5.396314252070653,-13.704443527261324,5.4166463533299885
194,6.466666666666667,False,ok,899,290,894,905,285,296,121,121,879.0,236.0,919.0,343.0,879.0,236.0,919.0,343.0,14.711400985717773,0.4217182993888855,3.624027967453003,14.581406116485596,0.41561374068260193,3.600645065307617,-13.680828727402405,5.425688031770574,-13.559000647975385,5.379929418080764
195,6.5,False,ok,902,287,897,908,282,293,121,121,882.0,232.0,922.0,342.0,882.0,232.0,922.0,342.0,14.26905345916748,0.3755626678466797,3.5501561164855957,14.384507894515991,0.3956978768110275,3.591203212738037,-13.256241337894629,5.293297604476176,-13.370256374917988,5.320421848506991
196,6.533333333333333,False,ok,901,286,896,907,281,292,121,121,879.0,230.0,923.0,343.0,879.0,230.0,923.0,343.0,14.292367935180664,0.38703498244285583,3.5654242038726807,14.28981351852417,0.38415103405714035,3.5812177658081055,-13.282191675862872,5.291971424512225,-13.278705569026295,5.293611321420696
197,6.566666666666666,False,ok,901,284,896,907,279,290,121,121,877.0,227.0,925.0,341.0,877.0,227.0,925.0,341.0,14.282150268554688,0.38700324296951294,3.586482286453247,14.284704685211182,0.373153418302536,3.575953245162964,-13.27279297920857,5.287963155574872,-13.269666875662697,5.301695240790943
198,6.6,False,ok,904,283,899,910,278,289,121,121,880.0,225.0,927.0,341.0,880.0,225.0,927.0,341.0,14.321765899658203,0.35448509454727173,3.6098098754882812,14.241851329803467,0.3583514466881752,3.582820415496826,-13.296335424377364,5.33348876902505,-13.224452042085671,5.298359486307478
199,6.633333333333334,False,ok,904,282,899,910,277,288,121,121,881.0,223.0,928.0,340.0,881.0,223.0,928.0,340.0,14.107776641845703,0.34887292981147766,3.564887046813965,14.160797357559204,0.34490007162094116,3.592284321784973,-13.09754296738653,5.254088152555693,-13.144679026750978,5.278688392484715
200,6.666666666666667,False,ok,906,280,901,912,275,286,121,121,882.0,222.0,929.0,339.0,882.0,222.0,929.0,339.0,14.11913013458252,0.3273693323135376,3.59289288520813,14.116747856140137,0.32995209097862244,3.594881057739258,-13.099475548679687,5.278328029457684,-13.098307695027685,5.275014117759009
201,6.7,False,ok,907,278,902,913,273,284,121,121,884.0,220.0,930.0,336.0,884.0,220.0,930.0,336.0,14.120954513549805,0.3161967694759369,3.61025071144104,14.082395553588867,0.312175415456295,3.594881057739258,-13.096736715364836,5.289312259564973,-13.059726671060393,5.2777701062995
202,6.733333333333333,False,ok,910,276,905,916,271,282,121,121,888.0,217.0,932.0,336.0,888.0,217.0,932.0,336.0,13.983866691589355,0.28033867478370667,3.5968692302703857,14.020360231399536,0.29371529817581177,3.5970634818077087,-12.95663604546182,5.268083124454397,-12.995445409473977,5.270215204711655
203,6.766666666666667,False,ok,909,276,904,915,271,282,121,121,885.0,216.0,933.0,336.0,885.0,216.0,933.0,336.0,13.86998176574707,0.2889387905597687,3.570420265197754,13.96660327911377,0.28271278738975525,3.6004342436790466,-12.855417314686392,5.215182208907729,-12.941715636587247,5.259080723664386
204,6.8,False,ok,910,272,905,916,267,278,121,121,886.0,213.0,935.0,332.0,886.0,213.0,935.0,332.0,13.994898796081543,0.2807868421077728,3.6457393169403076,13.915352582931519,0.2769409865140915,3.6078012585639954,-12.966947449180509,5.272030672658927,-12.892355032456999,5.244131532903326
205,6.833333333333333,False,ok,911,272,906,917,267,278,121,121,887.0,214.0,935.0,330.0,887.0,214.0,935.0,330.0,13.823186874389648,0.2662997543811798,3.6016225814819336,13.866732835769653,0.26746900379657745,3.620158612728119,-12.803484956048656,5.217488275379016,-12.843949175380509,5.233621001452685
206,6.866666666666666,False,ok,912,270,907,918,265,276,121,121,888.0,212.0,937.0,329.0,888.0,212.0,937.0,329.0,13.903780937194824,0.25693783164024353,3.6413557529449463,13.833490133285522,0.2534806504845619,3.624801993370056,-12.873821005565514,5.257934396271063,-12.8078843762787,5.233335409827463
207,6.9,False,ok,914,270,909,920,265,276,121,121,889.0,210.0,939.0,329.0,889.0,210.0,939.0,329.0,13.817605018615723,0.2337471842765808,3.6263372898101807,13.787420511245728,0.233630008995533,3.6232410669326782,-12.785494474867175,5.245186100585239,-12.757720075520652,5.233366584683324
208,6.933333333333334,False,ok,916,268,911,922,263,274,121,121,890.0,209.0,941.0,327.0,890.0,209.0,941.0,327.0,13.691285133361816,0.2100878357887268,3.611799716949463,13.713146209716797,0.21584144979715347,3.624284863471985,-12.660105681723897,5.217005810744607,-12.68246120071278,5.220358646006578
209,6.966666666666667,False,ok,916,266,911,922,261,272,121,121,891.0,205.0,940.0,328.0,891.0,205.0,940.0,328.0,13.652409553527832,0.20944294333457947,3.6201961040496826,13.644877910614014,0.20404291152954102,3.624914050102234,-12.624138964536153,5.20223686195186,-12.615086467760353,5.2042213746378385
210,7.0,False,ok,918,264,913,924,259,270,121,121,894.0,204.0,943.0,324.0,894.0,204.0,943.0,324.0,13.583407402038574,0.18719792366027832,3.626234769821167,13.582927942276001,0.192489854991436,3.624473810195923,-12.551962260245205,5.195405963903027,-12.553612881196285,5.190355234316771
211,7.033333333333333,False,ok,918,262,913,924,257,268,121,121,891.0,200.0,944.0,325.0,891.0,200.0,944.0,325.0,13.512487411499023,0.1861206293106079,3.624473810195923,13.529472351074219,0.17582018673419952,3.624914050102234,-12.486388039758575,5.168372147509173,-12.497920614843768,5.184545798969102
212,7.066666666666666,False,ok,922,258,917,928,253,264,121,121,898.0,195.0,946.0,322.0,898.0,195.0,946.0,322.0,13.509507179260254,0.14384156465530396,3.6678988933563232,13.465743780136108,0.15392081066966057,3.625354290008545,-12.466944119612718,5.206032936955039,-12.430724906408757,5.179481196936665
213,7.1,False,ok,922,258,917,928,253,264,121,121,897.0,196.0,947.0,319.0,897.0,196.0,947.0,319.0,13.331473350524902,0.14187948405742645,3.6189985275268555,13.365986585617065,0.13705262914299965,3.623545229434967,-12.302623346651021,5.137486766327413,-12.332420610612173,5.155558428822085
214,7.133333333333334,False,ok,924,256,919,930,251,262,121,121,899.0,194.0,948.0,319.0,899.0,194.0,948.0,319.0,13.291492462158203,0.12060998380184174,3.62967586517334,13.257548332214355,0.1255337055772543,3.611661672592163,-12.25749162953393,5.141227245678472,-12.228255433193407,5.123291476464276
215,7.166666666666667,False,ok,924,256,919,930,251,262,121,121,901.0,194.0,948.0,318.0,901.0,194.0,948.0,318.0,13.115735054016113,0.11903537064790726,3.5841758251190186,13.132672786712646,0.11918208748102188,3.592881500720978,-12.09541512705475,5.073224648172747,-12.111032444559036,5.079782674453469
216,7.2,False,ok,924,256,919,930,251,262,121,121,900.0,193.0,949.0,319.0,900.0,193.0,949.0,319.0,13.007728576660156,0.11804762482643127,3.5514490604400635,13.03075098991394,0.11315400339663029,3.5841758251190186,-11.995807894592714,5.031454155789908,-12.015023075147786,5.045046649268378
217,7.233333333333333,False,ok,926,254,921,932,249,260,121,121,902.0,191.0,950.0,318.0,902.0,191.0,950.0,318.0,12.979259490966797,0.09748539328575134,3.566248893737793,12.994823932647705,0.10008647665381432,3.5825068950653076,-11.961530623384729,5.039093716293147,-11.976856230403646,5.042854467418615
218,7.266666666666667,False,ok,927,252,922,933,247,258,121,121,902.0,188.0,952.0,316.0,902.0,188.0,952.0,316.0,12.991811752319336,0.0873274952173233,3.588373899459839,12.98673963546753,0.08731400966644287,3.5817043781280518,-11.969047575937259,5.053384887783058,-11.96438289818447,5.051393071355496
219,7.3,False,ok,928,252,923,934,247,258,121,121,903.0,189.0,953.0,316.0,903.0,189.0,953.0,316.0,12.987943649291992,0.07711565494537354,3.587641477584839,12.95671796798706,0.07699746638536453,3.585106134414673,-11.961459135095945,5.0612372421031235,-11.932727891941415,5.049007245852586
220,7.333333333333333,False,ok,929,250,924,935,245,256,121,121,905.0,187.0,953.0,314.0,905.0,187.0,953.0,314.0,12.873878479003906,0.06643106043338776,3.577500104904175,12.903489112854004,0.06657128408551216,3.585572600364685,-11.852454636246703,5.025980429096823,-11.87971097115051,5.037552010980415
221,7.366666666666666,False,ok,930,249,925,936,244,255,121,121,905.0,184.0,955.0,314.0,905.0,184.0,955.0,314.0,12.880409240722656,0.0563073605298996,3.5892653465270996,12.857059240341187,0.058759438805282116,3.5809683799743652,-11.854453630656646,5.037860840272872,-11.833972766600361,5.026381754368881
222,7.4,False,ok,930,249,925,936,244,255,121,121,903.0,184.0,957.0,314.0,903.0,184.0,957.0,314.0,12.800070762634277,0.05599197372794151,3.5683703422546387,12.802209615707397,0.05100935231894255,3.578433036804199,-11.780528458546415,5.006405483672374,-11.780524411054845,5.011827770292576
223,7.433333333333334,False,ok,932,246,927,938,241,252,121,121,906.0,181.0,959.0,312.0,906.0,181.0,959.0,312.0,12.734818458557129,0.035746101289987564,3.5793659687042236,12.723865985870361,0.03578610997647047,3.576150596141815,-11.712586386174868,4.999219849392099,-11.702541032507225,4.994855318679485
224,7.466666666666667,False,ok,934,244,929,940,239,250,121,121,907.0,179.0,960.0,309.0,907.0,179.0,960.0,309.0,12.62575626373291,0.01566026359796524,3.5668551921844482,12.627845764160156,0.02065131883136928,3.5707404613494873,-11.604462899132747,4.974576092261367,-11.608354530162133,4.970816856659616
225,7.5,False,ok,934,240,929,940,235,246,121,121,908.0,174.0,961.0,306.0,908.0,174.0,961.0,306.0,12.525052070617676,0.015538646839559078,3.580380439758301,12.525217294692993,0.010669926065020263,3.567233979701996,-11.511905936208167,4.934895392723629,-11.510133880113647,4.93943318493718
226,7.533333333333333,False,ok,936,240,931,942,235,246,121,121,910.0,175.0,962.0,305.0,910.0,175.0,962.0,305.0,12.40174388885498,-0.004057853017002344,3.5452685356140137,12.44420337677002,-0.0015960396267473698,3.5672779083251953,-11.390889155396065,4.904172937448606,-11.430866064082434,4.918688977234224
227,7.566666666666666,False,ok,938,237,933,944,232,243,121,121,912.0,171.0,964.0,303.0,912.0,171.0,964.0,303.0,12.382750511169434,-0.023429784923791885,3.563542604446411,12.402811765670776,-0.013765931711532176,3.5681233406066895,-11.365786798012206,4.914463311371844,-11.38803406256891,4.913512937329827
228,7.6,False,ok,937,236,932,943,231,242,121,121,910.0,171.0,964.0,301.0,910.0,171.0,964.0,301.0,12.425008773803711,-0.013807099312543869,3.5888867378234863,12.38183331489563,-0.02100505866110325,3.5685460567474365,-11.40840841581999,4.922321716724566,-11.365902353269053,4.9118734863900615
229,7.633333333333334,False,ok,938,236,933,944,231,242,121,121,911.0,169.0,966.0,302.0,911.0,169.0,966.0,302.0,12.360088348388672,-0.02339167520403862,3.5685460567474365,12.350309133529663,-0.025791709311306477,3.5685460567474365,-11.344983936004423,4.905473539042265,-11.335052198199465,4.903814083966574
230,7.666666666666667,False,ok,939,234,934,945,229,240,121,121,912.0,167.0,966.0,300.0,912.0,167.0,966.0,300.0,12.298309326171875,-0.032915592193603516,3.5695414543151855,12.274304866790771,-0.03277757577598095,3.5669538378715515,-11.284469181513634,4.889810938051141,-11.262472736015837,4.880198992141336
231,7.7,False,ok,940,233,935,946,228,239,121,121,914.0,166.0,967.0,300.0,914.0,166.0,967.0,300.0,12.098176002502441,-0.04184933379292488,3.5244603157043457,12.175757646560669,-0.04881955683231354,3.5637694001197815,-11.097092572361863,4.818936645640411,-11.165606413256945,4.855995370791172
232,7.733333333333333,False,ok,944,231,939,950,226,237,121,121,916.0,164.0,971.0,298.0,916.0,164.0,971.0,298.0,11.930045127868652,-0.07866396754980087,3.4934937953948975,12.121520280838013,-0.0698004374280572,3.55733460187912,-10.928097158470283,4.786319804171776,-11.107492453553006,4.853837390570005
233,7.766666666666667,False,ok,944,230,939,950,225,236,121,121,917.0,163.0,972.0,296.0,917.0,163.0,972.0,296.0,12.140512466430664,-0.08002448081970215,3.5621771812438965,12.066747903823853,-0.08442288637161255,3.5503334403038025,-11.120899113895831,4.870734006660575,-11.051399502719617,4.8456270212913894
234,7.8,False,ok,946,228,941,952,223,234,121,121,920.0,161.0,973.0,295.0,920.0,161.0,973.0,295.0,12.123696327209473,-0.09897861629724503,3.5798959732055664,11.984751462936401,-0.10087580978870392,3.551668882369995,-11.097961900531077,4.881500901898637,-10.969574679930007,4.82834080184852
235,7.833333333333333,False,ok,949,226,944,955,221,232,121,121,923.0,159.0,975.0,292.0,923.0,159.0,975.0,292.0,11.946943283081055,-0.12552152574062347,3.54280686378479,11.939143657684326,-0.12325879372656345,3.5551629066467285,-10.925104773385033,4.836041268758917,-10.918833979480386,4.830880720696725
236,7.866666666666666,False,ok,952,224,947,958,219,230,121,121,926.0,157.0,977.0,290.0,926.0,157.0,977.0,290.0,11.91574478149414,-0.15320126712322235,3.5535428524017334,11.903228759765625,-0.14118745177984238,3.5522177815437317,-10.885507781124314,4.849140611802779,-10.878757469202485,4.83315887697919
237,7.9,False,ok,951,221,946,957,216,227,121,121,925.0,154.0,977.0,288.0,925.0,154.0,977.0,288.0,11.834482192993164,-0.14301350712776184,3.5567829608917236,11.843156099319458,-0.1545851118862629,3.549272656440735,-10.814883933072009,4.807671697784094,-10.818279535946091,4.821729029279289
238,7.933333333333334,False,ok,954,220,949,960,215,226,121,121,927.0,150.0,980.0,290.0,927.0,150.0,980.0,290.0,11.709492683410645,-0.16892440617084503,3.527252674102783,11.779951333999634,-0.16715428605675697,3.5522177815437317,-10.689827568548628,4.782085414601594,-10.755251757135534,4.808300492625217
239,7.966666666666667,False,ok,955,217,950,961,212,223,121,121,928.0,148.0,982.0,286.0,928.0,148.0,982.0,286.0,11.686067581176758,-0.17756706476211548,3.5450024604797363,11.723242044448853,-0.18048880249261856,3.5563281178474426,-10.66489372198813,4.780768502345288,-10.697888435052128,4.798141647735765
240,8.0,False,ok,957,214,952,963,209,220,121,121,929.0,144.0,985.0,285.0,929.0,144.0,985.0,285.0,11.787915229797363,-0.19789667427539825,3.6096019744873047,11.675240278244019,-0.19406337291002274,3.5578485131263733,-10.750419955337959,4.839687938539972,-10.64842916457605,4.79164402626519
241,8.033333333333333,False,ok,958,212,953,964,207,218,121,121,930.0,143.0,986.0,281.0,930.0,143.0,986.0,281.0,11.619333267211914,-0.2042701244354248,3.5756702423095703,11.615041971206665,-0.20198823884129524,3.560870885848999,-10.593038741883525,4.778928966957874,-10.589998338639946,4.775137111028941
242,8.066666666666666,False,ok,958,211,953,964,206,217,121,121,930.0,142.0,987.0,280.0,930.0,142.0,987.0,280.0,11.535433769226074,-0.20289307832717896,3.55820369720459,11.550812244415283,-0.20762982219457626,3.563538074493408,-10.51651109562647,4.744511800069602,-10.52876638904335,4.754939744492001
243,8.1,False,ok,960,210,955,966,205,216,121,121,932.0,139.0,989.0,281.0,932.0,139.0,989.0,281.0,11.457254409790039,-0.2190859615802765,3.5413730144500732,11.504696130752563,-0.2179727666079998,3.5607038140296936,-10.438295473697965,4.728494990268196,-10.48231626707357,4.746218585882936
244,8.133333333333333,False,ok,961,209,956,967,204,215,121,121,931.0,137.0,991.0,281.0,931.0,137.0,991.0,281.0,11.51304817199707,-0.22944901883602142,3.5688724517822266,11.450881242752075,-0.22839947789907455,3.556517004966736,-10.485453875932905,4.76006114232302,-10.428760795620153,4.734532270969538
245,8.166666666666666,False,ok,962,206,957,968,201,212,121,121,932.0,133.0,993.0,279.0,932.0,133.0,993.0,279.0,11.375967979431152,-0.23561391234397888,3.552793502807617,11.385382175445557,-0.23733219504356384,3.553978979587555,-10.357093234501447,4.711558247180788,-10.365062340197111,4.716856637166872
246,8.2,False,ok,964,204,959,970,199,210,121,121,934.0,129.0,993.0,279.0,934.0,129.0,993.0,279.0,11.332338333129883,-0.2523140013217926,3.557535409927368,11.300986528396606,-0.24630794674158096,3.550323784351349,-10.310415259228892,4.709659396819268,-10.28398809996919,4.691753710428729
247,8.233333333333333,False,ok,964,202,959,970,197,208,121,121,933.0,125.0,995.0,278.0,933.0,125.0,995.0,278.0,11.163301467895508,-0.24865193665027618,3.5250654220581055,11.186300992965698,-0.25443365052342415,3.5426793694496155,-10.156581612709168,4.639501847515096,-10.175424845419366,4.653901116586636
248,8.266666666666667,False,ok,966,200,961,972,195,206,121,121,934.0,123.0,997.0,276.0,934.0,123.0,997.0,276.0,11.086262702941895,-0.2644546627998352,3.515789270401001,11.079148530960083,-0.2629006877541542,3.5330423712730408,-10.079567931238598,4.623577327877576,-10.07364674930956,4.619338709471464
249,8.3,False,ok,967,193,962,973,188,199,121,121,936.0,119.0,998.0,267.0,936.0,119.0,998.0,267.0,10.980767250061035,-0.2703794240951538,3.542914628982544,10.990888833999634,-0.27492179721593857,3.524503707885742,-9.980316556260243,4.587334287996098,-9.987819567103681,4.595506462937801
250,8.333333333333334,False,ok,970,192,965,976,187,198,121,121,939.0,115.0,1000.0,270.0,939.0,115.0,1000.0,270.0,10.91575813293457,-0.29447367787361145,3.532094717025757,10.90097165107727,-0.29399965703487396,3.5202777981758118,-9.911077224655639,4.583779947881431,-9.897681368946468,4.57750174819594
251,8.366666666666667,False,ok,973,190,968,979,185,196,121,121,944.0,111.0,1002.0,268.0,944.0,111.0,1002.0,268.0,10.791603088378906,-0.31667184829711914,3.5083305835723877,10.784923315048218,-0.31194601207971573,3.518263578414917,-9.788254470214353,4.555112809024799,-9.78398567006343,4.5481321038330185
252,8.4,False,ok,974,186,969,980,181,192,121,121,945.0,108.0,1003.0,263.0,945.0,108.0,1003.0,263.0,10.625014305114746,-0.3199666738510132,3.487401008605957,10.674518823623657,-0.32677240669727325,3.5123647451400757,-9.633920724316795,4.492313338787449,-9.67670734715208,4.518126518729581
253,8.433333333333334,False,ok,978,182,973,984,177,188,121,121,950.0,102.0,1005.0,262.0,950.0,102.0,1005.0,262.0,10.640728950500488,-0.3537769913673401,3.5244672298431396,10.6091148853302,-0.3436781316995621,3.509401321411133,-9.634996651149974,4.529581690395806,-9.609945811831455,4.507812640517173
254,8.466666666666667,False,ok,978,180,973,984,175,186,121,121,949.0,100.0,1007.0,260.0,949.0,100.0,1007.0,260.0,10.54169750213623,-0.3504844307899475,3.5081896781921387,10.564528942108154,-0.35629692673683167,3.511683940887451,-9.54532538896283,4.487425629644796,-9.56400205202584,4.501786758331458
255,8.5,False,ok,980,180,975,986,175,186,121,121,951.0,99.0,1009.0,261.0,951.0,99.0,1009.0,261.0,10.54570198059082,-0.367149293422699,3.512613534927368,10.532316446304321,-0.36552976071834564,3.5130369663238525,-9.542419002797129,4.504316645414061,-9.530762725267676,4.497539728085963
256,8.533333333333333,False,ok,981,178,976,987,173,184,121,121,950.0,95.0,1012.0,260.0,950.0,95.0,1012.0,260.0,10.500168800354004,-0.37404346466064453,3.5131781101226807,10.489775896072388,-0.37560056149959564,3.5131781101226807,-9.49786712911244,4.492657715329358,-9.487704723408203,4.489981426803205
257,8.566666666666666,False,ok,983,173,978,989,168,179,121,121,952.0,92.0,1014.0,254.0,952.0,92.0,1014.0,254.0,10.417068481445312,-0.38716602325439453,3.52361798286438,10.422845363616943,-0.38741468638181686,3.5131781101226807,-9.416344227451804,4.471875967289236,-9.421552731014664,4.474387080909034
258,8.6,False,ok,985,170,980,991,165,176,121,121,953.0,89.0,1017.0,251.0,953.0,89.0,1017.0,251.0,10.357075691223145,-0.40128323435783386,3.5289411544799805,10.347506284713745,-0.39878491312265396,3.5120137333869934,-9.355655340042604,4.461138673728306,-9.347851880548813,4.455062394450242
259,8.633333333333333,False,ok,986,170,981,992,165,176,121,121,953.0,86.0,1019.0,253.0,953.0,86.0,1019.0,253.0,10.258805274963379,-0.4054071605205536,3.4950623512268066,10.26005244255066,-0.411359503865242,3.5083699822425842,-9.263752614658234,4.426096263055122,-9.262546269350327,4.432057013786524
260,8.666666666666666,False,ok,990,164,985,996,159,170,121,121,960.0,83.0,1021.0,244.0,960.0,83.0,1021.0,244.0,10.165523529052734,-0.433340460062027,3.5085206031799316,10.164222240447998,-0.43324631452560425,3.5045756101608276,-9.167024508042239,4.414896855307548,-9.165866318851048,4.414296178012944
261,8.7,False,ok,994,161,989,1000,156,167,121,121,963.0,79.0,1024.0,243.0,963.0,79.0,1024.0,243.0,10.067036628723145,-0.46089717745780945,3.499399423599243,10.078502416610718,-0.4612692520022392,3.503260612487793,-9.065663644661477,4.4012947383815595,-9.076049327002131,4.406167143708345
262,8.733333333333333,False,ok,998,158,993,1004,153,164,121,121,971.0,76.0,1025.0,240.0,971.0,76.0,1025.0,240.0,10.014412879943848,-0.48994219303131104,3.503260612487793,10.020111322402954,-0.48565415292978287,3.5022953152656555,-9.005845510643328,4.407182242762714,-9.01277459821573,4.405494854311275
263,8.766666666666667,False,ok,1000,154,995,1006,149,160,121,121,972.0,73.0,1028.0,235.0,972.0,73.0,1028.0,235.0,9.984582901000977,-0.5039467811584473,3.5248827934265137,9.942670106887817,-0.49938976764678955,3.4961642026901245,-8.972909293308122,4.408260073914169,-8.93620801930922,4.387512419362992
264,8.8,False,ok,1001,152,996,1007,147,158,121,121,973.0,69.0,1029.0,236.0,973.0,69.0,1029.0,236.0,9.787101745605469,-0.5018350481987,3.4709274768829346,9.833098649978638,-0.5076478123664856,3.483880400657654,-8.792333546370644,4.328287167436976,-8.832290367233592,4.351802181910948
265,8.833333333333334,False,ok,1004,150,999,1010,145,156,121,121,975.0,65.0,1033.0,235.0,975.0,65.0,1033.0,235.0,9.773608207702637,-0.5239337682723999,3.4825973510742188,9.76177167892456,-0.5174014568328857,3.4689836502075195,-8.771205985441256,4.3432556397439885,-8.762913899081859,4.332577821143481
266,8.866666666666667,False,ok,1004,164,999,1010,159,170,121,121,973.0,95.0,1036.0,233.0,973.0,95.0,1036.0,233.0,9.7127685546875,-0.5208626389503479,3.354637622833252,9.701313734054565,-0.523721307516098,3.4563435912132263,-8.716530981630584,4.316394158537286,-8.704878772928712,4.314493912745416
267,8.9,False,ok,1007,146,1002,1013,141,152,121,121,976.0,58.0,1038.0,233.0,976.0,58.0,1038.0,233.0,9.606109619140625,-0.5375458598136902,3.4514822959899902,9.614108324050903,-0.5264201462268829,3.4508302807807922,-8.611959692696258,4.28957431661043,-8.623703697301336,4.282514632559901
268,8.933333333333334,False,ok,1006,143,1001,1012,138,149,121,121,970.0,53.0,1041.0,233.0,970.0,53.0,1041.0,233.0,9.531445503234863,-0.5261550545692444,3.4488742351531982,9.53572154045105,-0.5287532210350037,3.4495262503623962,-8.547872708190768,4.249607592137451,-8.550774118662751,4.253683960684464
269,8.966666666666667,False,ok,1007,138,1002,1013,133,144,121,121,971.0,49.0,1043.0,226.0,971.0,49.0,1043.0,226.0,9.473885536193848,-0.5299844145774841,3.461726188659668,9.453537940979004,-0.5298474878072739,3.448661744594574,-8.49348381958911,4.230380980358151,-8.474846212856528,4.222215014692713
270,9.0,False,ok,1008,134,1003,1014,129,140,121,121,972.0,45.0,1045.0,222.0,972.0,45.0,1045.0,222.0,9.334935188293457,-0.5294367074966431,3.4422571659088135,9.360170841217041,-0.5344766974449158,3.4467949867248535,-8.36605764361775,4.174972778420152,-8.38724811456907,4.189574272111536
271,9.033333333333333,False,ok,1011,132,1006,1017,127,138,121,121,974.0,39.0,1048.0,226.0,974.0,39.0,1048.0,226.0,9.296927452087402,-0.5494334697723389,3.4416096210479736,9.272208213806152,-0.5435891598463058,3.4435370564460754,-8.323241415715506,4.178323769503813,-8.302843153999776,4.163187468149346
272,9.066666666666666,False,ok,1017,124,1012,1023,119,130,121,121,984.0,33.0,1050.0,216.0,984.0,33.0,1050.0,216.0,9.160042762756348,-0.5844310522079468,3.448024272918701,9.19253921508789,-0.5485793203115463,3.440816283226013,-8.183667371768136,4.156384416601456,-8.227685781478026,4.136290992286024
273,9.1,False,ok,1012,126,1007,1018,121,132,121,121,973.0,30.0,1051.0,221.0,973.0,30.0,1051.0,221.0,9.150751113891602,-0.5479535460472107,3.4299964904785156,9.15427041053772,-0.5531573742628098,3.4367958903312683,-8.18954565662331,4.119203924922435,-8.190722304478962,4.125374887311287
274,9.133333333333333,False,ok,1012,126,1007,1018,121,132,121,121,971.0,32.0,1054.0,219.0,971.0,32.0,1054.0,219.0,9.153143882751465,-0.5484651327133179,3.437788724899292,9.106619119644165,-0.5596851110458374,3.425296425819397,-8.19154155326728,4.120619361364052,-8.144369485045159,4.1125423894302084
275,9.166666666666666,False,ok,1016,121,1011,1022,116,127,121,121,975.0,23.0,1056.0,219.0,975.0,23.0,1056.0,219.0,8.971830368041992,-0.5652974247932434,3.4034039974212646,9.015174627304077,-0.5603584498167038,3.407764494419098,-8.018332154862248,4.064437327072532,-8.060100662059995,4.077027406153684
276,9.2,False,ok,1018,122,1013,1024,117,128,121,121,979.0,35.0,1057.0,208.0,979.0,35.0,1057.0,208.0,8.966286659240723,-0.5792219042778015,3.3942534923553467,8.9573495388031,-0.5587121248245239,3.360230505466461,-8.007737450377103,4.075038085208701,-8.00763189863072,4.05266595894034
277,9.233333333333333,False,ok,1017,140,1012,1023,135,146,121,121,976.0,64.0,1058.0,216.0,976.0,64.0,1058.0,216.0,8.751577377319336,-0.5587121248245239,3.189281702041626,8.935317516326904,-0.548745185136795,3.2853216528892517,-7.818605432328322,3.9713568113680697,-7.991331190312984,4.034804357403228
278,9.266666666666667,False,ok,1008,141,1003,1014,136,147,121,121,976.0,66.0,1039.0,216.0,976.0,66.0,1039.0,216.0,8.924994468688965,-0.5065536499023438,3.244943141937256,8.924994468688965,-0.5257386267185211,3.2490110397338867,-7.99851986217968,3.9919672945397675,-7.990939079143388,4.009591001981562
279,9.3,False,ok,1010,139,1005,1016,134,145,121,121,978.0,64.0,1042.0,214.0,978.0,64.0,1042.0,214.0,8.895064353942871,-0.5188443660736084,3.2490110397338867,8.924994468688965,-0.5096263289451599,3.279694139957428,-7.966168880232384,3.991431160449667,-7.997305718770129,3.994789919608955
280,9.333333333333334,False,ok,1004,138,999,1010,133,144,121,121,979.0,61.0,1030.0,214.0,979.0,61.0,1030.0,214.0,9.226726531982422,-0.49479785561561584,3.3717434406280518,8.917511940002441,-0.5096263289451599,3.341285288333893,-8.280342237416564,4.100395084033418,-7.9904321166928565,3.9918332610172427
281,9.366666666666667,False,ok,1004,132,999,1010,127,138,121,121,982.0,54.0,1027.0,211.0,982.0,54.0,1027.0,211.0,9.180557250976562,-0.4923219382762909,3.3970694541931152,8.82425832748413,-0.5514200925827026,3.3724182844161987,-8.23890854079569,4.07987725131165,-7.888253007585653,3.9933774723901148
282,9.4,False,ok,1034,103,1029,1040,98,109,121,121,999.0,1.0,1069.0,205.0,999.0,1.0,1069.0,205.0,8.581910133361816,-0.66143798828125,3.372643232345581,8.656624555587769,-0.6284918338060379,3.3732292652130127,-7.6221544076981615,3.9986802741213583,-7.703806983198208,3.997938049444054
283,9.433333333333334,False,ok,1036,101,1031,1042,96,107,121,121,1002.0,0.0,1071.0,202.0,1002.0,0.0,1071.0,202.0,8.56761360168457,-0.6743450164794922,3.382115125656128,8.564275979995728,-0.6700692474842072,3.374401330947876,-7.6039212205810776,4.004887776232683,-7.602544748178633,3.999641135139165
284,9.466666666666667,False,ok,1036,102,1031,1042,97,108,121,121,1000.0,1.0,1073.0,203.0,1000.0,1.0,1073.0,203.0,8.539966583251953,-0.6722469925880432,3.3624253273010254,8.541564702987671,-0.6755964607000351,3.3749873638153076,-7.579353127271167,3.992036001118787,-7.579497678065356,3.995744373860414
285,9.5,False,ok,1038,99,1033,1044,94,105,121,121,1001.0,1.0,1075.0,197.0,1001.0,1.0,1075.0,197.0,8.518712043762207,-0.6841346621513367,3.3749873638153076,8.500007629394531,-0.6803443282842636,3.371846854686737,-7.555130964586461,3.9945577012283935,-7.539446430229823,3.9836849311270313
286,9.533333333333333,False,ok,1042,92,1037,1048,87,98,121,121,1008.0,0.0,1075.0,184.0,1008.0,0.0,1075.0,184.0,8.422639846801758,-0.7024646401405334,3.3824596405029297,8.44443392753601,-0.6839656978845596,3.3633806705474854,-7.459634165384046,3.973433864834744,-7.486964350637365,3.9650521112198773
287,9.566666666666666,False,ok,1039,110,1034,1045,105,116,121,121,1001.0,25.0,1077.0,196.0,1001.0,25.0,1077.0,196.0,8.41055679321289,-0.6814488172531128,3.2535972595214844,8.41596794128418,-0.686532124876976,3.350363314151764,-7.456838654692064,3.949353787682918,-7.459800818205417,3.9561615866788054
288,9.6,False,ok,1044,96,1039,1050,91,102,121,121,1011.0,4.0,1078.0,189.0,1011.0,4.0,1078.0,189.0,8.41374397277832,-0.7148972749710083,3.353684663772583,8.412947177886963,-0.6879245936870575,3.3294904828071594,-7.446549584107111,3.9813396042863123,-7.45647566150032,3.9562471072936147
289,9.633333333333333,False,ok,1040,102,1035,1046,97,108,121,121,999.0,6.0,1080.0,197.0,999.0,6.0,1080.0,197.0,8.381102561950684,-0.6861446499824524,3.300960063934326,8.403990030288696,-0.6870346218347549,3.3086346983909607,-7.4279258835639705,3.942028881542632,-7.448599109617459,3.951890219249193
290,9.666666666666666,False,ok,1040,101,1035,1046,96,107,121,121,999.0,6.0,1082.0,196.0,999.0,6.0,1082.0,196.0,8.42707633972168,-0.6897045373916626,3.3316586017608643,8.374054431915283,-0.6861446499824524,3.291485071182251,-7.468751665260344,3.963465219611045,-7.421451328867044,3.939243871942574
291,9.7,False,ok,1040,104,1035,1046,99,110,121,121,995.0,11.0,1084.0,197.0,995.0,11.0,1084.0,197.0,8.323455810546875,-0.6800684332847595,3.2630600929260254,8.330535173416138,-0.6870346218347549,3.272175431251526,-7.377371378831601,3.9136685146896686,-7.381121993533106,3.9228651472750036
292,9.733333333333333,False,ok,1041,102,1036,1047,97,108,121,121,995.0,9.0,1087.0,196.0,995.0,9.0,1087.0,196.0,8.294126510620117,-0.6843480467796326,3.2616214752197266,8.287493467330933,-0.6906774044036865,3.2619811296463013,-7.34873783770048,3.906010626720287,-7.340143597380869,3.909203911007371
293,9.766666666666667,False,ok,1044,100,1039,1050,95,106,121,121,1000.0,6.0,1087.0,194.0,1000.0,6.0,1087.0,194.0,8.22087287902832,-0.6975570321083069,3.250952959060669,8.24788236618042,-0.695293053984642,3.258954346179962,-7.276226151214836,3.889199108115252,-7.301932203997764,3.897791944869502
294,9.8,False,ok,1044,99,1039,1050,94,105,121,121,1001.0,5.0,1087.0,193.0,1001.0,5.0,1087.0,193.0,8.20847225189209,-0.6971558928489685,3.2508327960968018,8.222120761871338,-0.6972561776638031,3.2535900473594666,-7.264993191325638,3.8839306094481865,-7.277491361730795,3.8894158276044113
295,9.833333333333334,False,ok,1044,99,1039,1050,94,105,121,121,998.0,5.0,1089.0,193.0,998.0,5.0,1089.0,193.0,8.238265037536621,-0.6990490555763245,3.2631688117980957,8.211572408676147,-0.6978297531604767,3.2508628368377686,-7.29161337893807,3.8974420769129785,-7.267574787740488,3.885774632158459
296,9.866666666666667,False,ok,1044,101,1039,1050,96,107,121,121,998.0,10.0,1090.0,192.0,998.0,10.0,1090.0,192.0,8.163020133972168,-0.6930402517318726,3.217700719833374,8.211283206939697,-0.6999130547046661,3.250151425600052,-7.224866218338237,3.8621898743161918,-7.266485922009729,3.8875741194156435
297,9.9,False,ok,1046,100,1041,1052,95,106,121,121,1001.0,9.0,1090.0,191.0,1001.0,9.0,1090.0,191.0,8.201167106628418,-0.708945095539093,3.2386457920074463,8.212267875671387,-0.7039970755577087,3.246423304080963,-7.253624132462479,3.8918738422886756,-7.265776691945049,3.89171486712042
298,9.933333333333334,False,ok,1046,100,1041,1052,95,106,121,121,1002.0,10.0,1090.0,191.0,1002.0,10.0,1090.0,191.0,8.246434211730957,-0.7132571935653687,3.257568836212158,8.246434211730957,-0.7132571935653687,3.257568836212158,-7.293503520633046,3.9137219404414614,-7.293503520633046,3.9137219404414614
